polygonLon,polygonLat,addressLon,addressLat,clusterNum
-79.999781,41.387206,-79.86826846,41.35607641,0
-79.99978,41.38742,-79.85022972,41.33667584,0
-79.99978,41.387451,-79.83389776,41.33529909,0
-79.99978,41.388062,-79.83337735,41.36841061,0
-79.99978,41.388276,-79.87164667,41.35242821,0
-79.999779,41.388295,-79.85195865,41.33806851,0
-79.999779,41.388352,-79.86073085,41.37038059,0
-79.999779,41.388372,-79.85852717,41.37056381,0
-79.999779,41.388406,-79.84893377,41.34933014,0
-79.99978,41.388462,-79.85532307,41.3802751,0
-79.99978,41.388509,-79.84754827,41.37830375,0
-79.999781,41.388544,-79.84741594,41.35379773,0
-79.999781,41.389434,-79.84711614,41.37728393,0
-79.999781,41.392106,-79.85058964,41.3372806,0
-79.999781,41.392997,-79.84688754,41.37931119,0
-79.99978,41.395077,-79.84038737,41.37564099,0
-79.99978,41.399438,-79.83360202,41.36378605,0
-79.99978,41.399795,-79.84284708,41.36206381,0
-79.999779,41.401317,-79.83980438,41.36205791,0
-79.999779,41.403398,-79.83873322,41.38093337,0
-79.999779,41.403417,-79.83903202,41.3755904,0
-79.999779,41.403474,-79.87384889,41.3558697,0
-79.99978,41.403495,-79.84478561,41.35131989,0
-79.999779,41.403581,-79.84370182,41.36373265,0
-79.999779,41.403848,-79.86873397,41.36029852,0
-79.999779,41.403937,-79.84730615,41.38197468,0
-79.999779,41.405636,-79.85502379,41.3753333,0
-79.99978,41.40914,-79.82898795,41.35951006,0
-79.99978,41.410735,-79.8528121,41.35970172,0
-79.99978,41.412435,-79.87055106,41.35472712,0
-79.99978,41.412474,-79.85702263,41.34541568,0
-79.999784,41.41259,-79.84219121,41.35523776,0
-79.999785,41.412622,-79.84336384,41.38103523,0
-79.999787,41.412696,-79.84316606,41.35379293,0
-79.999789,41.412748,-79.82160051,41.36319291,0
-79.999781,41.412897,-79.83061233,41.36151193,0
-79.999779,41.412964,-79.85603391,41.37403152,0
-79.999784,41.41378,-79.84036192,41.37569441,0
-79.999783,41.414889,-79.84323257,41.38153748,0
-79.99978,41.420666,-79.85782209,41.34644143,0
-79.99978,41.422592,-79.8550204,41.34215326,0
-79.999781,41.422626,-79.83876881,41.37550266,0
-79.999778,41.42264,-79.87508364,41.34666305,0
-79.999777,41.422688,-79.83017008,41.33423865,0
-79.999777,41.422703,-79.82444202,41.36600166,0
-79.999777,41.4233,-79.84484527,41.36347675,0
-79.99978,41.425091,-79.83972379,41.3756346,0
-79.999781,41.425688,-79.84291506,41.35463858,0
-79.99978,41.427025,-79.87426057,41.35930116,0
-79.999778,41.429587,-79.85107468,41.3384223,0
-79.999777,41.431035,-79.85700841,41.37030858,0
-79.999777,41.432373,-79.86526901,41.36313428,0
-79.999777,41.432494,-79.8256669,41.37095985,0
-79.99978,41.432857,-79.82121449,41.36444431,0
-79.999781,41.432978,-79.83912967,41.3755505,0
-79.99978,41.433002,-79.83159175,41.36444077,0
-79.99978,41.433077,-79.85996156,41.36813442,0
-79.99978,41.433111,-79.84524931,41.346326,0
-79.99978,41.433136,-79.87447511,41.3584002,0
-79.99978,41.433238,-79.85640083,41.35638143,0
-79.999782,41.433272,-79.8710966,41.35946277,0
-79.999781,41.435203,-79.84193614,41.35699252,0
-79.999781,41.440998,-79.86892292,41.3613933,0
-79.999781,41.44293,-79.86682555,41.36354313,0
-79.99978,41.442962,-79.87021503,41.35502927,0
-79.99978,41.442998,-79.8440468,41.35386759,0
-79.99978,41.443104,-79.84889185,41.38181924,0
-79.999782,41.443138,-79.84895409,41.38139556,0
-79.999781,41.443869,-79.84713952,41.37181987,0
-79.999781,41.446064,-79.8439704,41.36357052,0
-79.999781,41.446796,-79.82353858,41.3621831,0
-79.99978,41.44681,-79.81915293,41.35856821,0
-79.99978,41.446858,-79.83101168,41.35844767,0
-79.999779,41.446881,-79.85338494,41.34326245,0
-79.999776,41.446923,-79.85731097,41.37137377,0
-79.999776,41.446938,-79.85059751,41.33713087,0
-79.999777,41.448712,-79.85092437,41.33766018,0
-79.999782,41.45368,-79.83811012,41.37489459,0
-79.999781,41.454035,-79.85085107,41.36263149,0
-79.999781,41.45581,-79.84474816,41.38022517,0
-79.99978,41.455833,-79.8434363,41.36987705,0
-79.999781,41.45585,-79.85779126,41.36963405,0
-79.99978,41.455901,-79.84514804,41.35171554,0
-79.99978,41.455925,-79.82634228,41.3699211,0
-79.99978,41.455945,-79.87366079,41.36238536,0
-79.999781,41.456006,-79.83840705,41.37517183,0
-79.999782,41.456028,-79.842372,41.35713977,0
-79.999781,41.456814,-79.84223617,41.35611992,0
-79.999781,41.459172,-79.84189927,41.3571318,0
-79.999781,41.459959,-79.85899398,41.36766577,0
-79.99978,41.46053,-79.85436864,41.34486801,0
-79.99978,41.462243,-79.84755982,41.3810861,0
-79.99978,41.462815,-79.85347814,41.33767026,0
-79.999778,41.462997,-79.8721141,41.35866631,0
-79.999781,41.463084,-79.84130752,41.36168467,0
-79.999781,41.463134,-79.84912795,41.38091712,0
-79.999781,41.463287,-79.87481849,41.35915,0
-79.999781,41.463338,-79.85337855,41.34370419,0
-79.99978,41.463403,-79.85648928,41.37109025,0
-79.99978,41.463557,-79.83277216,41.36406098,0
-79.99978,41.463636,-79.87326675,41.35585243,0
-79.99978,41.463711,-79.85150996,41.33850369,0
-79.99978,41.463736,-79.85071767,41.37940052,0
-79.999784,41.463817,-79.82451679,41.34615786,0
-79.999789,41.463844,-79.8320495,41.36023579,0
-79.999786,41.463892,-79.85231424,41.33826275,0
-79.999782,41.464039,-79.84848854,41.3361539,0
-79.999781,41.464091,-79.84423215,41.38083986,0
-79.999781,41.46414,-79.84710599,41.3805996,0
-79.999781,41.464287,-79.86929224,41.35996152,0
-79.999781,41.464336,-79.84297303,41.38014277,0
-79.999781,41.464366,-79.85331723,41.34274178,0
-79.999781,41.464456,-79.83104373,41.36681294,0
-79.999781,41.464486,-79.85986386,41.37297263,0
-79.99978,41.466827,-79.85161239,41.34701258,0
-79.99978,41.473852,-79.84007801,41.37421993,0
-79.99978,41.476194,-79.87271665,41.35590714,0
-79.99978,41.47621,-79.87189929,41.35166654,0
-79.99978,41.476229,-79.84991352,41.37160436,0
-79.99978,41.476288,-79.85377706,41.34123015,0
-79.999781,41.476308,-79.87309616,41.34439407,0
-79.99978,41.477288,-79.82652057,41.36131024,0
-79.99978,41.480231,-79.85013115,41.38067802,0
-79.99978,41.481212,-79.84353947,41.35540572,0
-79.999781,41.481237,-79.84738717,41.37945524,0
-79.999782,41.48125,-79.85151209,41.33865781,0
-79.999781,41.481324,-79.84402902,41.35124177,0
-79.999781,41.481342,-79.85794232,41.34594064,0
-79.999781,41.48138,-79.87371056,41.35900951,0
-79.999781,41.481495,-79.82512124,41.3719408,0
-79.999781,41.481534,-79.85396284,41.37395723,0
-79.999781,41.481615,-79.84991586,41.36285567,0
-79.999781,41.481859,-79.82739002,41.36146939,0
-79.999781,41.481941,-79.84825558,41.35301869,0
-79.999781,41.481973,-79.83020509,41.35954413,0
-79.999782,41.481984,-79.86388257,41.36559037,0
-79.99978,41.482017,-79.84643096,41.36204594,0
-79.999779,41.482119,-79.85722074,41.34132229,0
-79.999782,41.482154,-79.84362558,41.38187145,0
-79.999788,41.48373,-79.85498602,41.33638873,0
-79.999807,41.488458,-79.85371249,41.34359313,0
-79.999814,41.490034,-79.82865763,41.35854216,0
-79.9998,41.490027,-79.84241566,41.36579664,0
-79.99978,41.490038,-79.85530666,41.33668956,0
-79.999779,41.490049,-79.85269641,41.36125141,0
-79.999413,41.490064,-79.83494261,41.36319632,0
-79.99873,41.490092,-79.84945217,41.34570021,0
-79.998507,41.50011,-79.84700656,41.38025164,0
-79.998488,41.500948,-79.82731114,41.368382,0
-79.998681,41.500953,-79.82385465,41.34628903,0
-79.998696,41.501032,-79.84935763,41.33512301,0
-79.994412,41.500983,-79.85085673,41.37823802,0
-79.993108,41.50081,-79.8265731,41.34436314,0
-79.992788,41.500862,-79.87468663,41.3545697,0
-79.992463,41.500857,-79.85342432,41.37556553,0
-79.99143,41.500833,-79.85773967,41.36987846,0
-79.990396,41.500792,-79.84346527,41.35335117,0
-79.988401,41.500713,-79.86277243,41.36748761,0
-79.987301,41.500669,-79.84352246,41.38006183,0
-79.987069,41.50066,-79.93364178,41.46007836,1
-79.986887,41.500653,-79.9362587,41.48496269,1
-79.986846,41.500651,-79.93836265,41.47396412,1
-79.986365,41.500633,-79.91989341,41.50401072,1
-79.986271,41.500617,-79.95741599,41.49754771,1
-79.985994,41.500577,-79.95152807,41.50196005,1
-79.985166,41.500457,-79.92843184,41.50993529,1
-79.98489,41.500418,-79.95228498,41.50185035,1
-79.984569,41.500376,-79.93801452,41.47340193,1
-79.983814,41.500277,-79.93606945,41.47713172,1
-79.983608,41.500259,-79.94903909,41.48808078,1
-79.983287,41.500232,-79.94030327,41.47480959,1
-79.982985,41.500204,-79.93337574,41.45947749,1
-79.98228,41.50014,-79.93554802,41.50428199,1
-79.982081,41.500146,-79.95693143,41.49763672,1
-79.981779,41.500156,-79.94698885,41.48101158,1
-79.981757,41.501366,-79.94647411,41.50143603,1
-79.981695,41.504997,-79.92411432,41.46449074,1
-79.98168,41.505892,-79.95806988,41.47126235,1
-79.981683,41.506209,-79.94967246,41.4814463,1
-79.98169,41.507234,-79.9482065,41.474286,1
-79.98165,41.50742,-79.95724395,41.48125226,1
-79.981579,41.511257,-79.93437314,41.47109216,1
-79.981546,41.512809,-79.9350423,41.49390017,1
-79.981536,41.512887,-79.938623,41.50065233,1
-79.981452,41.5129,-79.93398772,41.48524678,1
-79.979986,41.512894,-79.91938202,41.46301159,1
-79.979046,41.512891,-79.93961154,41.47473353,1
-79.971829,41.51287,-79.92696945,41.46528205,1
-79.969424,41.512863,-79.93322599,41.45926334,1
-79.965875,41.512841,-79.95996623,41.48819823,1
-79.965332,41.512859,-79.94584145,41.47556555,1
-79.964577,41.512934,-79.96262086,41.48337142,1
-79.96361,41.513024,-79.9201104,41.50401726,1
-79.962681,41.513118,-79.93462903,41.47642825,1
-79.960984,41.513289,-79.94702748,41.48127421,1
-79.959643,41.513444,-79.92125417,41.4635712,1
-79.959329,41.513473,-79.92219584,41.46398117,1
-79.959014,41.513495,-79.94548329,41.47593299,1
-79.958386,41.513536,-79.94906003,41.49384817,1
-79.958217,41.513534,-79.93696638,41.51400179,1
-79.958146,41.513535,-79.92060943,41.49925388,1
-79.95816,41.513624,-79.92171919,41.49283548,1
-79.958752,41.518992,-79.92662152,41.51422644,1
-79.958993,41.522572,-79.94566322,41.47628899,1
-79.959009,41.52281,-79.95800552,41.48571757,1
-79.959057,41.523523,-79.95272694,41.50339441,1
-79.959073,41.523762,-79.95239495,41.50493186,1
-79.959179,41.525353,-79.94232591,41.50193026,1
-79.959188,41.52544,-79.93543957,41.50040403,1
-79.959096,41.525445,-79.94950017,41.48702501,1
-79.958794,41.52544,-79.94933205,41.48131228,1
-79.95843,41.525436,-79.95339644,41.50878209,1
-79.957439,41.525417,-79.9353968,41.47411979,1
-79.956717,41.525416,-79.93884772,41.47388206,1
-79.956238,41.525405,-79.94958215,41.4922117,1
-79.956181,41.525404,-79.94667597,41.48096973,1
-79.955747,41.525404,-79.94567169,41.47596567,1
-79.955665,41.525407,-79.91972525,41.46800723,1
-79.955583,41.525418,-79.91471687,41.46903068,1
-79.955455,41.52545,-79.94858493,41.48268009,1
-79.955278,41.525467,-79.93441177,41.47236414,1
-79.951001,41.525433,-79.91522333,41.48575506,1
-79.95092,41.525432,-79.92011713,41.50407205,1
-79.949229,41.525419,-79.95786791,41.47232611,1
-79.944937,41.52538,-79.91390354,41.46733958,1
-79.942587,41.525351,-79.95051907,41.49555335,1
-79.942227,41.525348,-79.94295634,41.46850418,1
-79.941952,41.52522,-79.95767349,41.47561789,1
-79.940054,41.524899,-79.95919597,41.48857223,1
-79.939541,41.524813,-79.93359139,41.49694304,1
-79.939421,41.524796,-79.93468628,41.4920666,1
-79.939371,41.524788,-79.95486684,41.43243959,2
-79.931416,41.523519,-79.95529513,41.43631024,2
-79.925613,41.522588,-79.9303159,41.42654088,2
-79.925618,41.522395,-79.92929871,41.43966752,2
-79.925726,41.518172,-79.95364388,41.44027252,2
-79.925847,41.513526,-79.95715891,41.44668008,2
-79.924982,41.513503,-79.95782442,41.43574548,2
-79.921951,41.513507,-79.9542893,41.43779132,2
-79.918284,41.513499,-79.93962635,41.45016122,2
-79.914347,41.513521,-79.92739834,41.43552797,2
-79.912719,41.513524,-79.95720568,41.43538024,2
-79.91207,41.513535,-79.93248262,41.42684557,2
-79.909552,41.513521,-79.95534941,41.4354643,2
-79.909341,41.513524,-79.95368565,41.43563449,2
-79.908812,41.513531,-79.95712135,41.43585766,2
-79.908809,41.512948,-79.91923138,41.43734657,2
-79.908808,41.512659,-79.96000848,41.44870093,2
-79.908807,41.512507,-79.96399709,41.43335526,2
-79.9088,41.511055,-79.96329631,41.43417345,2
-79.9088,41.510906,-79.92764789,41.44356186,2
-79.908796,41.51019,-79.92778756,41.44419817,2
-79.908749,41.500005,-79.92165483,41.43844112,2
-79.908623,41.496178,-79.93904045,41.42597958,2
-79.908533,41.493228,-79.94247972,41.42609889,2
-79.907521,41.493311,-79.96660608,41.44533579,2
-79.90751,41.493166,-79.95479708,41.44006365,2
-79.907381,41.493174,-79.94774986,41.42790736,2
-79.907149,41.490798,-79.92464184,41.43785278,2
-79.90664,41.486028,-79.9308477,41.42714036,2
-79.906164,41.48143,-79.93195364,41.42505869,2
-79.906101,41.480994,-79.95243991,41.4346259,2
-79.900728,41.481223,-79.92279995,41.44000488,2
-79.898737,41.481302,-79.94613775,41.42662694,2
-79.895223,41.481458,-79.91326415,41.45621765,2
-79.894378,41.481494,-79.95697538,41.43823194,2
-79.895049,41.4806,-79.95573793,41.45254465,2
-79.896603,41.478529,-79.9544438,41.43554852,2
-79.898542,41.47594,-79.96311904,41.45224843,2
-79.899497,41.474559,-79.93204576,41.4265499,2
-79.900005,41.473804,-79.92057846,41.43922401,2
-79.900366,41.47327,-79.9347649,41.4459843,2
-79.900378,41.473251,-79.93325635,41.44401642,2
-79.900414,41.473193,-79.95624089,41.43583727,2
-79.900427,41.473175,-79.92094899,41.43805282,2
-79.902273,41.470608,-79.93186787,41.42593015,2
-79.902395,41.470083,-79.95593271,41.43600483,2
-79.902676,41.468879,-79.94765819,41.42773075,2
-79.906233,41.456113,-79.95518711,41.43683575,2
-79.90667,41.454497,-79.95901995,41.43378073,2
-79.90684,41.45389,-79.84115451,41.38586642,3
-79.908756,41.446786,-79.8241832,41.39587727,3
-79.910121,41.442258,-79.83724905,41.39930185,3
-79.910882,41.43974,-79.84981433,41.40198168,3
-79.913482,41.440093,-79.8396393,41.40535884,3
-79.914916,41.434893,-79.83783607,41.39788626,3
-79.915962,41.431095,-79.82643091,41.39799593,3
-79.916312,41.429829,-79.83527357,41.40518152,3
-79.925262,41.42354,-79.82492399,41.39188844,3
-79.926988,41.422445,-79.82971385,41.39957825,3
-79.927257,41.422275,-79.8357832,41.40791799,3
-79.927561,41.422088,-79.83345016,41.39886248,3
-79.927731,41.421975,-79.85039118,41.40285733,3
-79.928001,41.421815,-79.83367894,41.40486542,3
-79.927889,41.420339,-79.83662042,41.40976581,3
-79.927767,41.419319,-79.83542401,41.39994632,3
-79.927625,41.418765,-79.85066147,41.40285761,3
-79.927454,41.418483,-79.83756573,41.40000172,3
-79.92719,41.418047,-79.83506037,41.4002552,3
-79.927101,41.417831,-79.84485642,41.4043318,3
-79.927019,41.417631,-79.8357513,41.39696312,3
-79.926491,41.41532,-79.83089184,41.39812362,3
-79.926227,41.414591,-79.84269452,41.38586768,3
-79.92609,41.414368,-79.83845421,41.4003682,3
-79.926058,41.414314,-79.84615812,41.40410279,3
-79.925988,41.4142,-79.82839434,41.39365856,3
-79.925919,41.414087,-79.83670848,41.407765,3
-79.925817,41.41392,-79.83362233,41.40426855,3
-79.925734,41.413785,-79.83277302,41.39681432,3
-79.925512,41.413542,-79.82941107,41.3991879,3
-79.9254,41.41342,-79.8273108,41.39523489,3
-79.925287,41.413298,-79.83135926,41.39436372,3
-79.924967,41.412951,-79.83704475,41.405123,3
-79.92436,41.41259,-79.8228577,41.3919705,3
-79.924319,41.412579,-79.84218219,41.38579807,3
-79.923532,41.412369,-79.85290036,41.40322956,3
-79.922718,41.412317,-79.83707697,41.39836295,3
-79.921342,41.412403,-79.82509858,41.39479121,3
-79.916387,41.413349,-79.83680174,41.40534629,3
-79.916238,41.413377,-79.83888961,41.39625352,3
-79.91609,41.413406,-79.83148115,41.39375244,3
-79.915707,41.413479,-79.83362305,41.40065904,3
-79.915402,41.413661,-79.82371805,41.39057224,3
-79.915046,41.413964,-79.83315144,41.39730332,3
-79.914488,41.414303,-79.82509393,41.39625001,3
-79.913969,41.414464,-79.84252028,41.41227837,3
-79.912915,41.414665,-79.83662058,41.39790745,3
-79.910922,41.414996,-79.82497986,41.38937738,3
-79.910883,41.415002,-79.83955533,41.39045949,3
-79.910075,41.415167,-79.82471001,41.39041615,3
-79.908477,41.415223,-79.84014642,41.4057186,3
-79.908079,41.415237,-79.83878734,41.40614768,3
-79.90757,41.41527,-79.83174946,41.40233862,3
-79.90745,41.415279,-79.84719696,41.40273144,3
-79.907107,41.415317,-79.84170863,41.40982107,3
-79.906954,41.415333,-79.83041493,41.39552354,3
-79.906437,41.415391,-79.83014693,41.39707853,3
-79.906125,41.415487,-79.84164614,41.40560524,3
-79.905579,41.415654,-79.82648155,41.39165947,3
-79.904321,41.416228,-79.82238984,41.3918315,3
-79.904283,41.416251,-79.83898006,41.39821117,3
-79.90399,41.416426,-79.8331306,41.40037003,3
-79.903696,41.416601,-79.82826096,41.39394871,3
-79.903532,41.416699,-79.8330554,41.39941797,3
-79.902814,41.417048,-79.8354454,41.39513639,3
-79.902575,41.417122,-79.84706057,41.38786343,3
-79.902136,41.417258,-79.82965545,41.39645004,3
-79.90081,41.417642,-79.84130278,41.40606414,3
-79.899394,41.417836,-79.83176909,41.40045493,3
-79.898447,41.417911,-79.83004936,41.39744515,3
-79.897327,41.418,-79.83659709,41.40563651,3
-79.894935,41.417998,-79.82322525,41.39038197,3
-79.894766,41.417991,-79.83423764,41.39538413,3
-79.893134,41.417933,-79.83581858,41.40534554,3
-79.892854,41.417923,-79.85243645,41.402009,3
-79.891556,41.417886,-79.83811861,41.3994855,3
-79.891237,41.417877,-79.84206329,41.40613049,3
-79.890847,41.417797,-79.83887047,41.40527354,3
-79.890567,41.41774,-79.83516421,41.39547056,3
-79.890393,41.417729,-79.83584808,41.40805029,3
-79.890239,41.417719,-79.83205272,41.4040038,3
-79.889849,41.417708,-79.83680716,41.41431055,3
-79.889574,41.417785,-79.83249722,41.39674467,3
-79.88914,41.417946,-79.8253892,41.39616814,3
-79.888875,41.418044,-79.84016159,41.40626509,3
-79.884476,41.419677,-79.83236038,41.39471998,3
-79.88414,41.419784,-79.83916579,41.41359593,3
-79.883429,41.420012,-79.83811319,41.41625111,3
-79.882717,41.420239,-79.83819402,41.41212336,3
-79.882243,41.420391,-79.82438957,41.39524752,3
-79.881315,41.420489,-79.83731662,41.40689663,3
-79.880054,41.420457,-79.83403698,41.39590278,3
-79.879011,41.420165,-79.83498284,41.39614004,3
-79.877563,41.419318,-79.83738254,41.41495018,3
-79.877091,41.418539,-79.84806924,41.38790379,3
-79.877097,41.418381,-79.84115795,41.38923527,3
-79.87711,41.418036,-79.824879,41.39006521,3
-79.877124,41.417691,-79.83796895,41.3991276,3
-79.87715,41.417044,-79.82396936,41.39204045,3
-79.877296,41.41607,-79.8353375,41.40029314,3
-79.877326,41.415871,-79.84351784,41.41278347,3
-79.877196,41.415554,-79.83102247,41.39421458,3
-79.876654,41.415269,-79.84150087,41.41296659,3
-79.876359,41.415118,-79.83211612,41.39646679,3
-79.875535,41.414827,-79.8499308,41.40244178,3
-79.874815,41.414573,-79.83186982,41.40092204,3
-79.874776,41.414559,-79.84101319,41.40462371,3
-79.873616,41.414135,-79.83212698,41.40081364,3
-79.87291,41.413973,-79.82976902,41.39934448,3
-79.872141,41.413967,-79.83583221,41.40526751,3
-79.871072,41.41396,-79.84823673,41.40417379,3
-79.870195,41.413969,-79.83354241,41.39361759,3
-79.869398,41.413943,-79.83157144,41.39639219,3
-79.869277,41.413939,-79.82433716,41.39268172,3
-79.869194,41.413936,-79.84496491,41.41021229,3
-79.869184,41.413976,-79.82472754,41.3974743,3
-79.869268,41.41397,-79.83615666,41.40467022,3
-79.869259,41.414001,-79.83279334,41.39716613,3
-79.868714,41.414041,-79.84568047,41.4034898,3
-79.866249,41.413769,-79.83541036,41.40016964,3
-79.862739,41.413612,-79.83978951,41.4065218,3
-79.85979,41.412795,-79.83747343,41.41656779,3
-79.857881,41.412119,-79.84447677,41.40451637,3
-79.856031,41.411903,-79.83664085,41.40737957,3
-79.85476,41.411755,-79.84314812,41.40622798,3
-79.853885,41.411498,-79.84343261,41.40461959,3
-79.853291,41.410997,-79.8242764,41.39185398,3
-79.853821,41.410123,-79.82775899,41.39640207,3
-79.855308,41.408661,-79.84512553,41.40491069,3
-79.856539,41.407314,-79.83592698,41.40536081,3
-79.856752,41.406324,-79.83988074,41.40820456,3
-79.856956,41.405372,-79.84081679,41.40545179,3
-79.856715,41.403469,-79.83536996,41.39971898,3
-79.856902,41.402232,-79.82695716,41.40010403,3
-79.855877,41.40176,-79.82501886,41.39559738,3
-79.855856,41.401801,-79.83361144,41.40506623,3
-79.855822,41.401872,-79.84024056,41.41459912,3
-79.855766,41.401983,-79.83025877,41.39804457,3
-79.855446,41.402627,-79.83863673,41.40613346,3
-79.855411,41.402696,-79.85129423,41.40294084,3
-79.855354,41.402811,-79.84311586,41.38626295,3
-79.855263,41.402995,-79.84287166,41.40599995,3
-79.855364,41.403188,-79.83992173,41.40624013,3
-79.855157,41.403837,-79.83998777,41.41446153,3
-79.855136,41.403911,-79.83355445,41.39506056,3
-79.854906,41.404649,-79.82538542,41.38919553,3
-79.854601,41.405624,-79.84086209,41.40602418,3
-79.854509,41.405916,-79.83962626,41.39591063,3
-79.854412,41.406227,-79.83540646,41.40555462,3
-79.853874,41.407941,-79.82554198,41.38982032,3
-79.854604,41.408313,-79.85360827,41.40317031,3
-79.854543,41.408386,-79.83877174,41.40484957,3
-79.854447,41.408488,-79.82731913,41.39449852,3
-79.854018,41.408945,-79.82963386,41.39628791,3
-79.853999,41.408963,-79.83771864,41.39820451,3
-79.853394,41.409591,-79.83720484,41.40452363,3
-79.853061,41.409978,-79.82816473,41.39484937,3
-79.852835,41.410309,-79.83711685,41.39344015,3
-79.852758,41.410467,-79.82438125,41.39607646,3
-79.852662,41.41067,-79.82247293,41.39080123,3
-79.852529,41.411078,-79.82639567,41.39853822,3
-79.852524,41.411122,-79.83107704,41.39391617,3
-79.852468,41.411346,-79.82600045,41.3959377,3
-79.852456,41.411449,-79.83345874,41.39418153,3
-79.852434,41.411666,-79.83957757,41.38542074,3
-79.852436,41.411725,-79.83417238,41.39453844,3
-79.85245,41.412058,-79.8454626,41.4098595,3
-79.85254,41.412417,-79.84760009,41.38787098,3
-79.852596,41.412564,-79.83245366,41.39613966,3
-79.852685,41.412794,-79.83461221,41.39678291,3
-79.852751,41.41291,-79.83969931,41.40355345,3
-79.852709,41.41293,-79.8365593,41.39604663,3
-79.852606,41.412963,-79.84844267,41.40428265,3
-79.852541,41.413012,-79.83669347,41.40770363,3
-79.852484,41.41313,-79.83402928,41.39510829,3
-79.852421,41.413307,-79.83173056,41.39398392,3
-79.85232,41.413596,-79.82551114,41.39553589,3
-79.850602,41.413311,-79.84029059,41.40572275,3
-79.850316,41.414195,-79.84341983,41.40582256,3
-79.850143,41.414731,-79.8274401,41.39963643,3
-79.850067,41.414974,-79.82796779,41.39606959,3
-79.849535,41.414889,-79.83154107,41.39419782,3
-79.849426,41.415234,-79.84774144,41.40440598,3
-79.849929,41.415332,-79.84392733,41.40390363,3
-79.849733,41.415938,-79.83608491,41.40410669,3
-79.849439,41.415964,-79.83595546,41.40559106,3
-79.848986,41.416003,-79.84677211,41.40257165,3
-79.848981,41.415959,-79.82345864,41.39044038,3
-79.848944,41.415634,-79.83768201,41.40484467,3
-79.847397,41.415737,-79.84049655,41.40597487,3
-79.847571,41.416923,-79.83568564,41.39759032,3
-79.845444,41.417083,-79.84512938,41.40463178,3
-79.840543,41.417452,-79.85368779,41.4030932,3
-79.839115,41.41756,-79.85054998,41.40326882,3
-79.838891,41.41748,-79.82944647,41.39955087,3
-79.838596,41.417431,-79.8299009,41.39822739,3
-79.838311,41.417429,-79.83283456,41.39452337,3
-79.838293,41.417429,-79.82423015,41.38979687,3
-79.838063,41.41746,-79.8263704,41.39186929,3
-79.8378,41.417523,-79.83991449,41.41505857,3
-79.83751,41.417617,-79.83143089,41.40328886,3
-79.837188,41.417743,-79.82944641,41.39424396,3
-79.837036,41.417799,-79.83894405,41.39599101,3
-79.837002,41.417811,-79.84298552,41.40591871,3
-79.836857,41.417864,-79.83267167,41.3988926,3
-79.836728,41.417906,-79.83849519,41.4058275,3
-79.83669,41.417879,-79.83733777,41.40514235,3
-79.836417,41.417635,-79.83601656,41.39799222,3
-79.836376,41.417595,-79.8316175,41.40044533,3
-79.835854,41.417112,-79.83690608,41.40510532,3
-79.835683,41.41695,-79.83961045,41.41380875,3
-79.835213,41.416512,-79.83815783,41.41611971,3
-79.834922,41.416241,-79.82277187,41.39172835,3
-79.834581,41.415923,-79.83631987,41.40895011,3
-79.833512,41.414925,-79.83085741,41.39750031,3
-79.83353,41.414794,-79.84376778,41.40537211,3
-79.833556,41.414607,-79.82514777,41.38995266,3
-79.833578,41.414415,-79.83440735,41.39391315,3
-79.833614,41.414117,-79.84023571,41.40641033,3
-79.833586,41.413766,-79.83656388,41.4062493,3
-79.833508,41.413445,-79.83897251,41.41569678,3
-79.833448,41.413293,-79.82592375,41.39543294,3
-79.833308,41.412938,-79.83611986,41.39810438,3
-79.833225,41.412723,-79.8234859,41.39115213,3
-79.833195,41.412624,-79.83266513,41.3999224,3
-79.833175,41.412381,-79.83503369,41.40407056,3
-79.833194,41.412284,-79.83836889,41.40564634,3
-79.833213,41.412251,-79.84874388,41.40367116,3
-79.83339,41.411964,-79.8461364,41.40528507,3
-79.833882,41.411408,-79.82431043,41.39601646,3
-79.834376,41.410925,-79.8490372,41.40366395,3
-79.834653,41.410676,-79.83558029,41.39928951,3
-79.83492,41.410437,-79.83804221,41.40519953,3
-79.835178,41.410192,-79.82608636,41.39864802,3
-79.83537,41.410007,-79.82538874,41.39114216,3
-79.835482,41.409902,-79.8887878,41.38154936,4
-79.835909,41.40943,-79.88333634,41.38359045,4
-79.835914,41.409421,-79.87322293,41.4055974,4
-79.836005,41.409285,-79.87274457,41.38876281,4
-79.836035,41.409187,-79.8806506,41.38089035,4
-79.836071,41.409071,-79.86142392,41.38492679,4
-79.836034,41.408897,-79.88284243,41.38105757,4
-79.835958,41.408678,-79.88095099,41.38381123,4
-79.835791,41.408353,-79.87070503,41.38900865,4
-79.835673,41.408155,-79.88869179,41.38622562,4
-79.835634,41.408101,-79.87402621,41.38251683,4
-79.83554,41.407973,-79.88498696,41.39424109,4
-79.835419,41.407905,-79.88916497,41.38092904,4
-79.835289,41.407832,-79.88304459,41.39754753,4
-79.835242,41.407813,-79.88055675,41.38406161,4
-79.834993,41.407715,-79.88810306,41.3858461,4
-79.834688,41.407588,-79.88787265,41.3857569,4
-79.834662,41.407577,-79.8824783,41.38380557,4
-79.834512,41.407496,-79.88098027,41.38369762,4
-79.834037,41.407231,-79.87781669,41.39545904,4
-79.834005,41.407211,-79.89061368,41.3964759,4
-79.833656,41.406992,-79.87425561,41.40305083,4
-79.833426,41.406813,-79.87399399,41.39034819,4
-79.833182,41.406474,-79.88019321,41.39696514,4
-79.833073,41.406243,-79.8682005,41.38212746,4
-79.833013,41.406142,-79.88384398,41.3798193,4
-79.832947,41.406009,-79.88512905,41.39592872,4
-79.832897,41.40592,-79.87922077,41.39619951,4
-79.832792,41.405732,-79.89136379,41.39795212,4
-79.832592,41.405426,-79.87660985,41.40217708,4
-79.832584,41.405412,-79.88981382,41.3978466,4
-79.83256,41.40537,-79.87565675,41.39522317,4
-79.832552,41.405356,-79.8611983,41.3851929,4
-79.832538,41.405333,-79.88462341,41.39768973,4
-79.832499,41.405282,-79.87449922,41.40651357,4
-79.832361,41.405081,-79.89164078,41.38832219,4
-79.832359,41.405055,-79.88713478,41.38329075,4
-79.832484,41.404977,-79.87546028,41.40180408,4
-79.83232,41.404954,-79.8791573,41.40404727,4
-79.832292,41.40494,-79.88569619,41.38004281,4
-79.832224,41.404906,-79.87032876,41.38299952,4
-79.831858,41.404721,-79.87361961,41.39006759,4
-79.831223,41.404403,-79.86633125,41.38415455,4
-79.82952,41.403543,-79.8774311,41.39327057,4
-79.828931,41.4032,-79.87374992,41.3822538,4
-79.827968,41.403005,-79.86849707,41.38534805,4
-79.827288,41.402698,-79.86427795,41.38450256,4
-79.827008,41.402586,-79.87220475,41.38876617,4
-79.826022,41.40222,-79.87404785,41.40292662,4
-79.82607,41.401393,-79.8878298,41.39654987,4
-79.826093,41.400881,-79.88225262,41.39773763,4
-79.82595,41.400816,-79.86881818,41.38482849,4
-79.825702,41.400685,-79.87632606,41.4008092,4
-79.825381,41.40041,-79.87235134,41.38254129,4
-79.825364,41.400381,-79.88870176,41.383364,4
-79.825156,41.400031,-79.86685827,41.38285098,4
-79.825133,41.399993,-79.88453762,41.39456711,4
-79.824899,41.39974,-79.87673849,41.38230338,4
-79.824599,41.399235,-79.88545432,41.39612872,4
-79.824593,41.399224,-79.88915074,41.39698199,4
-79.824316,41.398609,-79.88487761,41.37958074,4
-79.823798,41.397635,-79.87847994,41.40145136,4
-79.823674,41.397401,-79.91716767,41.37634065,5
-79.823236,41.396841,-79.92281789,41.37015369,5
-79.823148,41.396707,-79.91506272,41.38996872,5
-79.822624,41.395908,-79.91164147,41.37757515,5
-79.822612,41.395893,-79.92549065,41.36783749,5
-79.822496,41.395862,-79.93003448,41.36730282,5
-79.822464,41.395854,-79.94567101,41.35909763,5
-79.821926,41.395322,-79.92849507,41.36630353,5
-79.821863,41.395259,-79.91411936,41.39000779,5
-79.821761,41.395159,-79.93260799,41.37659178,5
-79.821195,41.394964,-79.94513893,41.37431335,5
-79.820891,41.395101,-79.92906176,41.36739769,5
-79.820595,41.395237,-79.91545346,41.38658711,5
-79.820943,41.395539,-79.89910367,41.35609029,5
-79.821068,41.395647,-79.92557854,41.36765933,5
-79.821121,41.395693,-79.92115214,41.36627258,5
-79.821206,41.395766,-79.94197515,41.37790898,5
-79.819508,41.397231,-79.92989785,41.36657589,5
-79.81904,41.397631,-79.94569606,41.38283448,5
-79.818671,41.397329,-79.92313491,41.36501401,5
-79.81861,41.397279,-79.92437856,41.3664514,5
-79.818407,41.397114,-79.93542547,41.35891411,5
-79.818025,41.396791,-79.92622093,41.36897415,5
-79.817853,41.39666,-79.92665549,41.36729635,5
-79.818409,41.39626,-79.90276273,41.37581614,5
-79.818582,41.396112,-79.92999478,41.36753099,5
-79.81842,41.395918,-79.94146322,41.35099864,5
-79.818325,41.395804,-79.93590655,41.36361596,5
-79.818259,41.395725,-79.92595829,41.36839715,5
-79.818112,41.395549,-79.93682446,41.3844608,5
-79.817818,41.395196,-79.92665543,41.36592095,5
-79.817749,41.395114,-79.93538183,41.36243353,5
-79.81768,41.395031,-79.90680998,41.38599035,5
-79.817557,41.394883,-79.93717741,41.35691612,5
-79.817417,41.394715,-79.90367162,41.37602346,5
-79.817359,41.394645,-79.9529546,41.3601857,5
-79.817301,41.394576,-79.90713999,41.37570094,5
-79.81778,41.394116,-79.93385594,41.36370674,5
-79.818345,41.393587,-79.89799624,41.36032746,5
-79.818698,41.393199,-79.92061633,41.36207096,5
-79.819051,41.39274,-79.93220403,41.3662494,5
-79.819192,41.392316,-79.9071747,41.37593777,5
-79.819439,41.391752,-79.9307189,41.36393671,5
-79.819271,41.391697,-79.93533177,41.37124911,5
-79.818457,41.391482,-79.9162457,41.37626093,5
-79.818052,41.391386,-79.92584663,41.3650338,5
-79.818117,41.390978,-79.95121672,41.36053848,5
-79.818132,41.390627,-79.93787879,41.35689783,5
-79.81807,41.389447,-79.92787647,41.36577226,5
-79.818059,41.389221,-79.92606994,41.36853429,5
-79.817979,41.388859,-79.92884417,41.36705739,5
-79.817964,41.388569,-79.902239,41.37592505,5
-79.817949,41.388288,-79.95211343,41.36167798,5
-79.818051,41.387058,-79.92604885,41.36718397,5
-79.818022,41.386564,-79.92501615,41.36819093,5
-79.817929,41.385892,-79.9518781,41.3591153,5
-79.817847,41.38529,-79.93522812,41.36264973,5
-79.817818,41.383478,-79.93114769,41.37632579,5
-79.817861,41.381194,-79.92758815,41.36840147,5
-79.817744,41.379898,-79.91562539,41.3867169,5
-79.817672,41.379558,-79.93478096,41.36501511,5
-79.817599,41.379382,-79.91103446,41.37389908,5
-79.817088,41.378471,-79.93077662,41.37079507,5
-79.81684,41.378063,-79.92570788,41.36786399,5
-79.816782,41.377966,-79.94685422,41.36022553,5
-79.816505,41.377636,-79.94730586,41.37695974,5
-79.815805,41.376571,-79.93064935,41.37116788,5
-79.815543,41.376264,-79.92890353,41.36767779,5
-79.815213,41.375935,-79.91387282,41.36316302,5
-79.815178,41.375901,-79.93400555,41.36438269,5
-79.81496,41.375726,-79.84899604,41.38621489,6
-79.814493,41.375462,-79.82396586,41.38598207,6
-79.81442,41.375451,-79.8215302,41.38458066,6
-79.814362,41.375506,-79.82516933,41.3882032,6
-79.814318,41.375495,-79.82268821,41.38604338,6
-79.813669,41.375056,-79.82138277,41.38356621,6
-79.813321,41.374966,-79.82245556,41.37715534,6
-79.813288,41.374963,-79.84601989,41.3833389,6
-79.813201,41.374939,-79.82359372,41.38397466,6
-79.813147,41.374905,-79.82201773,41.38409747,6
-79.812698,41.374784,-79.82495388,41.38567615,6
-79.812686,41.374781,-79.82129448,41.37716429,6
-79.81173,41.374539,-79.82409868,41.3877101,6
-79.811573,41.374506,-79.84602308,41.38229695,6
-79.811396,41.374489,-79.82391492,41.38836087,6
-79.811327,41.374466,-79.82455907,41.38560873,6
-79.811199,41.374459,-79.82321869,41.38538747,6
-79.811154,41.374439,-79.84328393,41.38534718,6
-79.810668,41.374317,-79.84671472,41.38220017,6
-79.810406,41.374288,-79.81332421,41.3596954,6
-79.810147,41.374222,-79.82319769,41.38824399,6
-79.809983,41.374189,-79.82353856,41.38417476,6
-79.809653,41.374107,-79.84339127,41.38338609,6
-79.809393,41.374077,-79.82153958,41.38153529,6
-79.809343,41.374063,-79.82281068,41.38399207,6
-79.809183,41.374044,-79.82325555,41.37805227,6
-79.809019,41.374017,-79.82288512,41.37772818,6
-79.808977,41.374007,-79.82313926,41.37927793,6
-79.80895,41.373993,-79.82267042,41.38586064,6
-79.808735,41.37397,-79.82150015,41.38828427,6
-79.808703,41.373952,-79.82445379,41.38818002,6
-79.808168,41.373882,-79.8224359,41.38503956,6
-79.808136,41.373872,-79.84746062,41.38508653,6
-79.808109,41.373858,-79.83975108,41.38377254,6
-79.807665,41.373801,-79.82510621,41.38647701,6
-79.807186,41.373724,-79.82358011,41.38709068,6
-79.807122,41.3737,-79.82142646,41.38042349,6
-79.806907,41.373673,-79.82268759,41.38312021,6
-79.806875,41.373657,-79.82067941,41.38296515,6
-79.806719,41.373644,-79.82087854,41.38348702,6
-79.806664,41.373623,-79.82429954,41.38749743,6
-79.806094,41.373567,-79.84378247,41.38226255,6
-79.805627,41.373513,-79.82386603,41.38571167,6
-79.805482,41.373493,-79.82284079,41.38835043,6
-79.805217,41.373467,-79.82389377,41.38560334,6
-79.804979,41.373453,-79.84350918,41.384172,6
-79.804425,41.373438,-79.85068792,41.38674212,6
-79.804215,41.373443,-79.84013363,41.38210015,6
-79.804134,41.373446,-79.82084588,41.38181182,6
-79.803763,41.373417,-79.849411,41.38331312,6
-79.803645,41.373403,-79.82231329,41.37881895,6
-79.80353,41.373369,-79.82125616,41.38358886,6
-79.803238,41.373298,-79.82353051,41.37933532,6
-79.803215,41.373285,-79.84321647,41.38282987,6
-79.803037,41.373209,-79.82381886,41.38645845,6
-79.80268,41.373032,-79.8219084,41.39036215,6
-79.802495,41.372916,-79.85151509,41.3848061,6
-79.802322,41.372786,-79.8119628,41.36104281,6
-79.802312,41.372745,-79.82136831,41.38368024,6
-79.802276,41.372711,-79.82503087,41.381892,6
-79.802113,41.372598,-79.8388378,41.38284932,6
-79.802064,41.372574,-79.84779381,41.38515319,6
-79.801974,41.372554,-79.82808594,41.38430706,6
-79.801927,41.372526,-79.82059456,41.38051745,6
-79.801854,41.372506,-79.84197254,41.38520045,6
-79.801663,41.372493,-79.82269664,41.38853827,6
-79.801635,41.372514,-79.82160352,41.38411794,6
-79.801608,41.372528,-79.80820403,41.36038035,6
-79.801534,41.372469,-79.84785941,41.38589864,6
-79.801488,41.372418,-79.82209356,41.3869668,6
-79.801065,41.372109,-79.82158977,41.38926524,6
-79.801041,41.372102,-79.84816939,41.38519682,6
-79.800957,41.372063,-79.82064294,41.38086708,6
-79.800907,41.372053,-79.81128847,41.36113768,6
-79.800764,41.372009,-79.82143947,41.38856875,6
-79.80055,41.371985,-79.82228107,41.38988763,6
-79.800481,41.371962,-79.81034859,41.36024063,6
-79.800253,41.371942,-79.82456,41.38550627,6
-79.800207,41.371921,-79.82234988,41.39036963,6
-79.800133,41.371901,-79.8243608,41.3797216,6
-79.799896,41.371874,-79.84024851,41.3826208,6
-79.799722,41.371827,-79.85199538,41.38536914,6
-79.799347,41.371746,-79.82331092,41.38431912,6
-79.799142,41.371716,-79.824819,41.38867957,6
-79.79911,41.371698,-79.82185857,41.37998702,6
-79.798973,41.371664,-79.82307596,41.37883868,6
-79.798525,41.371577,-79.82061349,41.38252672,6
-79.798296,41.371522,-79.8420672,41.384609,6
-79.79814,41.371495,-79.83948794,41.3841905,6
-79.798118,41.371482,-79.82206774,41.38481755,6
-79.797857,41.371373,-79.82342755,41.38268051,6
-79.797774,41.371332,-79.85222643,41.38512522,6
-79.797692,41.371305,-79.84508961,41.38320078,6
-79.79654,41.37102,-79.81465971,41.36144918,6
-79.796439,41.370973,-79.82322369,41.38994034,6
-79.796347,41.370952,-79.84483739,41.38327177,6
-79.796229,41.370898,-79.85088957,41.38224596,6
-79.796164,41.370885,-79.84400713,41.38503214,6
-79.79611,41.370857,-79.96723691,41.33338143,7
-79.795909,41.370803,-79.94687393,41.33690091,7
-79.795644,41.370722,-79.97082396,41.32460732,7
-79.795332,41.370633,-79.97413399,41.33543038,7
-79.79493,41.370511,-79.97907718,41.32242746,7
-79.794316,41.370341,-79.96103212,41.32900467,7
-79.794234,41.370314,-79.97833817,41.31820664,7
-79.794207,41.3703,-79.94779288,41.33703379,7
-79.794143,41.370287,-79.95469687,41.32217887,7
-79.794079,41.370253,-79.95002519,41.33727546,7
-79.794051,41.370253,-79.9728682,41.32209229,7
-79.794014,41.370233,-79.95498722,41.32083571,7
-79.793969,41.370219,-79.94988258,41.33738844,7
-79.793886,41.370178,-79.95378287,41.31405725,7
-79.793759,41.370143,-79.97887629,41.33430071,7
-79.793722,41.370123,-79.97151441,41.33557823,7
-79.793621,41.370103,-79.95216951,41.34191032,7
-79.793599,41.37009,-79.96713327,41.32592372,7
-79.793292,41.369967,-79.97824594,41.32294689,7
-79.793209,41.369926,-79.94922004,41.33743785,7
-79.793135,41.369913,-79.94575234,41.34092214,7
-79.793072,41.369879,-79.97554252,41.32949459,7
-79.793017,41.369865,-79.97561698,41.32934634,7
-79.79299,41.369851,-79.9732991,41.32458683,7
-79.792925,41.369837,-79.97761058,41.32217615,7
-79.792889,41.369817,-79.9763792,41.31140336,7
-79.792825,41.369804,-79.95200176,41.3215317,7
-79.792789,41.369783,-79.96621486,41.33444282,7
-79.792734,41.36977,-79.95533084,41.33046158,7
-79.792706,41.369756,-79.97620815,41.33076016,7
-79.792642,41.369743,-79.96258445,41.33009366,7
-79.792577,41.369709,-79.96838795,41.33650664,7
-79.792542,41.369702,-79.96754032,41.3266728,7
-79.792484,41.369673,-79.94833769,41.34094394,7
-79.792441,41.36966,-79.97208335,41.32638886,7
-79.792404,41.36964,-79.95459533,41.33449118,7
-79.79233,41.36962,-79.94965716,41.31863951,7
-79.792303,41.369599,-79.96367319,41.35727895,7
-79.792211,41.36958,-79.97855293,41.32253863,7
-79.792166,41.369552,-79.97624159,41.34580664,7
-79.792065,41.369531,-79.98011677,41.3299351,7
-79.792043,41.369517,-79.97855577,41.33526013,7
-79.791801,41.369419,-79.95506613,41.33052258,7
-79.791727,41.369382,-79.95727489,41.35554353,7
-79.79169,41.369375,-79.97513646,41.32432508,7
-79.791397,41.369239,-79.99118116,41.24703797,8
-79.790958,41.369021,-79.96089374,41.22011859,8
-79.790554,41.368802,-79.95717344,41.23231774,8
-79.790348,41.368679,-79.98526619,41.22358954,8
-79.790307,41.368659,-79.97186896,41.25157494,8
-79.79011,41.368529,-79.98521195,41.22372865,8
-79.78961,41.36818,-79.97359151,41.24602848,8
-79.789509,41.368105,-79.98066481,41.25010351,8
-79.789206,41.367862,-79.9650964,41.22685952,8
-79.788922,41.367619,-79.96110389,41.22831775,8
-79.788904,41.367585,-79.99201181,41.24104271,8
-79.788858,41.36753,-79.95971255,41.21537217,8
-79.788701,41.367367,-79.95864544,41.24961982,8
-79.788517,41.367154,-79.96046137,41.22883819,8
-79.788471,41.367113,-79.97058958,41.2465352,8
-79.788453,41.367072,-79.96103463,41.22725391,8
-79.788426,41.367045,-79.97296638,41.24684682,8
-79.78838,41.366969,-79.97466652,41.20810288,8
-79.788352,41.366941,-79.97340926,41.20947776,8
-79.788316,41.36688,-79.99862438,41.23423448,8
-79.788269,41.366832,-79.96483239,41.22566712,8
-79.788186,41.366709,-79.99260732,41.21432552,8
-79.788177,41.366682,-79.98107077,41.23760267,8
-79.787993,41.366414,-79.98341259,41.23494652,8
-79.787984,41.366387,-79.96777758,41.22376958,8
-79.787864,41.366202,-79.9743365,41.20907431,8
-79.787836,41.366168,-79.97465215,41.20894984,8
-79.787827,41.36614,-79.99502446,41.2515664,8
-79.787799,41.366106,-79.95975146,41.21490036,8
-79.78779,41.366079,-79.96346744,41.24212053,8
-79.787762,41.366052,-79.97166498,41.20861867,8
-79.787624,41.365736,-79.95906074,41.21554805,8
-79.787531,41.365468,-79.98375323,41.21672566,8
-79.787432,41.36506,-79.97266616,41.21017993,8
-79.787404,41.364903,-79.9787026,41.23294955,8
-79.787375,41.364662,-79.99308419,41.25025191,8
-79.787359,41.364123,-79.96611795,41.23864794,8
-79.787338,41.363705,-79.98214077,41.23564184,8
-79.787319,41.363568,-79.95494352,41.23719603,8
-79.787196,41.363161,-79.99743521,41.21921689,8
-79.787155,41.362974,-79.96181761,41.22598708,8
-79.787127,41.362762,-79.98153226,41.25007775,8
-79.787074,41.362264,-79.9650687,41.23749361,8
-79.787041,41.362048,-79.97518967,41.22071386,8
-79.786965,41.361677,-79.97388021,41.21206454,8
-79.786918,41.361499,-79.9471305,41.24648783,8
-79.786738,41.36107,-79.99290626,41.22832167,8
-79.786714,41.360965,-79.97109165,41.22035761,8
-79.786686,41.360731,-79.95858161,41.24951307,8
-79.786712,41.360408,-79.99206095,41.24109313,8
-79.786797,41.360226,-79.9586915,41.25052828,8
-79.786814,41.360151,-79.94858614,41.23692814,8
-79.786805,41.36013,-79.96064402,41.22982686,8
-79.786788,41.36011,-79.96084888,41.2199939,8
-79.786815,41.360075,-79.96388829,41.22474462,8
-79.786854,41.359879,-79.97173872,41.21430556,8
-79.786872,41.359817,-79.9619049,41.21831058,8
-79.786895,41.359759,-79.99260495,41.21921794,8
-79.78697,41.359247,-79.98266028,41.23284101,8
-79.786996,41.359137,-79.86166579,41.24333128,9
-79.787028,41.359066,-79.84882683,41.20082126,9
-79.787045,41.358989,-79.84655119,41.20887203,9
-79.787112,41.35856,-79.85003259,41.22429964,9
-79.7872,41.358045,-79.8498172,41.22408831,9
-79.787331,41.357774,-79.85589521,41.19954398,9
-79.787353,41.357619,-79.86950847,41.21239792,9
-79.787393,41.357513,-79.87529197,41.21024536,9
-79.787429,41.357478,-79.86077355,41.25055929,9
-79.787451,41.357331,-79.88460705,41.21570213,9
-79.787492,41.357238,-79.82930161,41.22659749,9
-79.787519,41.35721,-79.83398666,41.2278479,9
-79.787528,41.357176,-79.8495256,41.22023566,9
-79.787555,41.357148,-79.84096726,41.25299973,9
-79.787646,41.356949,-79.84366939,41.20591015,9
-79.787662,41.356626,-79.85987036,41.19944381,9
-79.787679,41.356509,-79.88074458,41.2135612,9
-79.787711,41.356369,-79.88072434,41.21353568,9
-79.787769,41.356242,-79.84971334,41.22048661,9
-79.787796,41.356207,-79.8464519,41.22512326,9
-79.787805,41.35618,-79.87727421,41.20766868,9
-79.787833,41.356145,-79.8583061,41.20009005,9
-79.787851,41.356104,-79.84621584,41.20864502,9
-79.787896,41.356056,-79.88668671,41.23735754,9
-79.787909,41.355984,-79.84492457,41.20265316,9
-79.787948,41.355678,-79.83626184,41.24065081,9
-79.788048,41.355451,-79.83896801,41.2383514,9
-79.788128,41.355252,-79.84427674,41.20687636,9
-79.788165,41.355221,-79.86056415,41.21838049,9
-79.78821,41.355163,-79.87937334,41.20855301,9
-79.788238,41.355135,-79.8646868,41.21176212,9
-79.788247,41.355101,-79.84966522,41.2205924,9
-79.788274,41.355073,-79.87764455,41.20809456,9
-79.788294,41.354746,-79.87924285,41.23843825,9
-79.788314,41.35418,-79.84531133,41.20229032,9
-79.788299,41.353302,-79.83185788,41.22634892,9
-79.788243,41.352925,-79.86414127,41.2135628,9
-79.788143,41.352324,-79.88039192,41.24011211,9
-79.788128,41.352142,-79.85947342,41.20985496,9
-79.78811,41.352025,-79.86996817,41.19770898,10
-79.78803,41.35161,-79.89231213,41.19360752,10
-79.787914,41.351271,-79.87124622,41.19595607,10
-79.787859,41.351148,-79.87158773,41.1984975,10
-79.787804,41.351044,-79.88955992,41.19411643,10
-79.787776,41.35099,-79.87448768,41.20000533,10
-79.787738,41.350908,-79.89616884,41.24261339,10
-79.787711,41.350881,-79.88714512,41.19859165,10
-79.787691,41.350825,-79.8735876,41.20015711,10
-79.787616,41.350727,-79.87416909,41.19895609,10
-79.787609,41.350695,-79.87434956,41.20139756,10
-79.78757,41.350652,-79.8961983,41.24298991,10
-79.787563,41.35062,-79.86539407,41.19912802,10
-79.787533,41.35059,-79.87511028,41.19846682,10
-79.787525,41.350558,-79.89345534,41.19516514,10
-79.787498,41.350538,-79.86842171,41.19669215,10
-79.787492,41.350505,-79.87664317,41.20232266,10
-79.787386,41.350357,-79.8754567,41.19913269,10
-79.787379,41.350325,-79.88744336,41.19870975,10
-79.787351,41.350305,-79.90139999,41.19802803,10
-79.787305,41.350202,-79.87788915,41.2018286,10
-79.787249,41.350113,-79.87328024,41.20054758,10
-79.787222,41.350085,-79.87092566,41.19691946,10
-79.787185,41.350024,-79.89166071,41.2268941,10
-79.787139,41.349983,-79.90149435,41.21721655,10
-79.787121,41.349942,-79.89420219,41.1980946,10
-79.787093,41.349914,-79.88104255,41.19857842,10
-79.787029,41.349811,-79.8755031,41.20077392,10
-79.786983,41.34977,-79.89411179,41.24187509,10
-79.786974,41.349743,-79.88685811,41.19871542,10
-79.786881,41.349599,-79.87609083,41.20160577,10
-79.786854,41.349572,-79.88139229,41.20203096,10
-79.786798,41.349483,-79.89512369,41.19898272,10
-79.786753,41.349435,-79.87510599,41.19948404,10
-79.786642,41.349271,-79.87341655,41.19964179,10
-79.786633,41.349243,-79.88035723,41.20155839,10
-79.786605,41.349209,-79.8705662,41.19556572,10
-79.786587,41.349161,-79.88464614,41.19385402,10
-79.78656,41.349134,-79.87518464,41.20112208,10
-79.78655,41.349092,-79.88961873,41.1983894,10
-79.786514,41.349044,-79.88958143,41.19832597,10
-79.786503,41.349017,-79.86911953,41.19911714,10
-79.786458,41.348969,-79.89593487,41.24225186,10
-79.786449,41.348942,-79.89513419,41.1998296,10
-79.786421,41.348893,-79.86936974,41.20095165,10
-79.786375,41.348846,-79.89532356,41.24267192,10
-79.786357,41.348797,-79.89467815,41.19842314,10
-79.786237,41.348612,-79.88762903,41.19974956,10
-79.786209,41.348585,-79.89170283,41.22665986,10
-79.786108,41.348428,-79.89815624,41.20355467,10
-79.78608,41.348401,-79.89847104,41.23383918,10
-79.786016,41.348297,-79.87499166,41.19915139,10
-79.785988,41.34827,-79.87377405,41.2023995,10
-79.785915,41.348147,-79.87278096,41.20160283,10
-79.785886,41.34812,-79.88213791,41.19060544,10
-79.785851,41.348058,-79.89278882,41.22153709,10
-79.785804,41.348017,-79.870549,41.19646947,10
-79.785785,41.347976,-79.87164945,41.19868144,10
-79.785712,41.347887,-79.89571215,41.24221464,10
-79.785648,41.347818,-79.87613117,41.20190123,10
-79.78551,41.347606,-79.87219184,41.19880751,10
-79.785482,41.347578,-79.87872595,41.19783251,10
-79.785445,41.347517,-79.88847687,41.19832572,10
-79.785087,41.347086,-79.95319165,41.19663052,11
-79.785041,41.347038,-79.93717269,41.18196236,11
-79.784894,41.346915,-79.94350063,41.19203833,11
-79.784591,41.346689,-79.92665753,41.18167053,11
-79.784545,41.346661,-79.92539504,41.19694151,11
-79.784434,41.346605,-79.94038992,41.19786447,11
-79.78441,41.346601,-79.95838552,41.1913848,11
-79.784362,41.34658,-79.93607447,41.1861657,11
-79.784271,41.346559,-79.93340498,41.19774735,11
-79.784216,41.346526,-79.93524909,41.18929281,11
-79.784179,41.346526,-79.93639411,41.19079544,11
-79.784125,41.346499,-79.93888219,41.1980495,11
-79.783924,41.346444,-79.9230129,41.19706008,11
-79.783329,41.346302,-79.92960479,41.19669809,11
-79.783133,41.346285,-79.92716376,41.19327445,11
-79.782937,41.346235,-79.93707224,41.2046886,11
-79.782868,41.346226,-79.95473082,41.2002763,11
-79.782708,41.346208,-79.95793082,41.19070201,11
-79.782681,41.346187,-79.92273948,41.1970481,11
-79.782398,41.34612,-79.93878943,41.17904587,11
-79.782165,41.34611,-79.91073678,41.19791462,11
-79.781297,41.345989,-79.94930599,41.1911647,11
-79.781209,41.345961,-79.93968681,41.19022939,11
-79.781008,41.345939,-79.95339562,41.18916791,11
-79.780972,41.345918,-79.92957115,41.19636312,11
-79.78088,41.345888,-79.92942521,41.19279146,11
-79.780835,41.345877,-79.92138008,41.19858758,11
-79.780771,41.345851,-79.93291183,41.18666322,11
-79.780734,41.345843,-79.95392372,41.18603349,11
-79.78067,41.345816,-79.94727188,41.19299863,11
-79.779911,41.345626,-79.9123646,41.19788946,11
-79.779765,41.345613,-79.95132478,41.18917047,11
-79.779626,41.345584,-79.93715201,41.18589141,11
-79.779582,41.345566,-79.9474507,41.19204983,11
-79.779435,41.345552,-79.93748762,41.20370283,11
-79.779299,41.345525,-79.94300045,41.19071782,11
-79.779217,41.345498,-79.94286197,41.19182635,11
-79.778988,41.345471,-79.9331664,41.19425655,11
-79.778961,41.345486,-79.9308749,41.19663796,11
-79.778906,41.345444,-79.92845401,41.18076984,11
-79.778759,41.34541,-79.92735509,41.18729682,11
-79.778591,41.345393,-79.93625756,41.18474495,11
-79.778522,41.345376,-79.94545852,41.21386093,11
-79.778337,41.345348,-79.95316557,41.18750679,11
-79.778001,41.345255,-79.9531745,41.19630395,11
-79.777626,41.345215,-79.93240601,41.1972851,11
-79.777581,41.345194,-79.92551373,41.19657673,11
-79.777343,41.345133,-79.91268591,41.19795875,11
-79.776987,41.345031,-79.91989579,41.1959657,11
-79.776959,41.345018,,,
-79.77663,41.344923,,,
-79.776566,41.344909,,,
-79.776529,41.344889,,,
-79.776465,41.344875,,,
-79.776438,41.344854,,,
-79.776392,41.344848,,,
-79.776163,41.344752,,,
-79.775431,41.344432,,,
-79.774992,41.344235,,,
-79.774452,41.343976,,,
-79.774003,41.343771,,,
-79.773737,41.343593,,,
-79.773692,41.343594,,,
-79.773459,41.34342,,,
-79.773389,41.343368,,,
-79.773252,41.343279,,,
-79.773137,41.343211,,,
-79.772741,41.342932,,,
-79.772505,41.342766,,,
-79.772225,41.342568,,,
-79.771891,41.342342,,,
-79.771712,41.342227,,,
-79.771107,41.341772,,,
-79.770961,41.341625,,,
-79.770869,41.341495,,,
-79.770819,41.34139,,,
-79.770711,41.341159,,,
-79.770489,41.340535,,,
-79.770456,41.340415,,,
-79.770368,41.340164,,,
-79.770353,41.340107,,,
-79.77034,41.340076,,,
-79.770317,41.33996,,,
-79.770242,41.33966,,,
-79.770149,41.339338,,,
-79.770134,41.339307,,,
-79.770036,41.338865,,,
-79.769967,41.338656,,,
-79.769939,41.338608,,,
-79.769893,41.338512,,,
-79.769805,41.338151,,,
-79.769707,41.33788,,,
-79.76966,41.337682,,,
-79.769642,41.337647,,,
-79.769595,41.337359,,,
-79.769506,41.336951,,,
-79.76945,41.336745,,,
-79.769436,41.336714,,,
-79.769422,41.336657,,,
-79.769399,41.336598,,,
-79.769384,41.33654,,,
-79.769306,41.336317,,,
-79.769207,41.335977,,,
-79.769194,41.335946,,,
-79.76918,41.335888,,,
-79.769166,41.335858,,,
-79.768966,41.335093,,,
-79.768961,41.335082,,,
-79.768952,41.335062,,,
-79.768938,41.335003,,,
-79.768924,41.334972,,,
-79.768788,41.334434,,,
-79.76876,41.334208,,,
-79.768723,41.333395,,,
-79.768732,41.333291,,,
-79.768722,41.333202,,,
-79.768669,41.333166,,,
-79.76863,41.33306,,,
-79.76859,41.332954,,,
-79.768622,41.332844,,,
-79.768648,41.332748,,,
-79.768653,41.332734,,,
-79.768792,41.332639,,,
-79.768829,41.332598,,,
-79.76885,41.332485,,,
-79.768874,41.332433,,,
-79.768968,41.332223,,,
-79.769057,41.332029,,,
-79.76908,41.331979,,,
-79.769207,41.331725,,,
-79.769468,41.331154,,,
-79.76964,41.330831,,,
-79.769649,41.330803,,,
-79.769676,41.330769,,,
-79.769685,41.330742,,,
-79.76973,41.33068,,,
-79.769739,41.330652,,,
-79.769784,41.33059,,,
-79.769803,41.330549,,,
-79.76992,41.330418,,,
-79.769939,41.330377,,,
-79.770174,41.330123,,,
-79.77041,41.329925,,,
-79.770484,41.329864,,,
-79.770965,41.329482,,,
-79.77111,41.329347,,,
-79.771228,41.329213,,,
-79.771764,41.328706,,,
-79.771955,41.328538,,,
-79.772077,41.328455,,,
-79.772213,41.328373,,,
-79.772363,41.328289,,,
-79.772631,41.328124,,,
-79.772819,41.32802,,,
-79.772855,41.328014,,,
-79.77291,41.327985,,,
-79.772955,41.327971,,,
-79.772982,41.327958,,,
-79.773023,41.327931,,,
-79.773119,41.327889,,,
-79.773155,41.327868,,,
-79.773419,41.327792,,,
-79.77372,41.327695,,,
-79.773803,41.327674,,,
-79.773839,41.327653,,,
-79.773875,41.327646,,,
-79.774175,41.327494,,,
-79.77423,41.32746,,,
-79.774276,41.327453,,,
-79.774313,41.327432,,,
-79.774422,41.327404,,,
-79.774499,41.327393,,,
-79.774677,41.327356,,,
-79.774754,41.327345,,,
-79.774905,41.327307,,,
-79.77505,41.327231,,,
-79.775395,41.327037,,,
-79.775623,41.32692,,,
-79.776197,41.32665,,,
-79.776652,41.326423,,,
-79.776698,41.326415,,,
-79.776807,41.32636,,,
-79.776897,41.326339,,,
-79.777035,41.32627,,,
-79.777126,41.326249,,,
-79.777171,41.326222,,,
-79.777673,41.326097,,,
-79.777791,41.326083,,,
-79.777864,41.326028,,,
-79.777897,41.326029,,,
-79.778037,41.325965,,,
-79.778091,41.325958,,,
-79.778119,41.325938,,,
-79.778182,41.325924,,,
-79.778292,41.325868,,,
-79.778337,41.325854,,,
-79.778382,41.325833,,,
-79.778474,41.325809,,,
-79.778638,41.325757,,,
-79.778784,41.325716,,,
-79.779467,41.325542,,,
-79.779595,41.325514,,,
-79.779878,41.325437,,,
-79.780397,41.325271,,,
-79.78101,41.325063,,,
-79.781034,41.325056,,,
-79.781217,41.325,,,
-79.781846,41.32484,,,
-79.782301,41.32473,,,
-79.782633,41.324663,,,
-79.782948,41.324618,,,
-79.783021,41.324603,,,
-79.783396,41.324622,,,
-79.783811,41.324632,,,
-79.784299,41.324592,,,
-79.785052,41.324634,,,
-79.785819,41.324707,,,
-79.78624,41.324754,,,
-79.786445,41.324771,,,
-79.786472,41.324785,,,
-79.786514,41.324795,,,
-79.786947,41.324852,,,
-79.786988,41.324862,,,
-79.787029,41.324865,,,
-79.78759,41.325001,,,
-79.787696,41.325027,,,
-79.787879,41.325082,,,
-79.787925,41.325109,,,
-79.787998,41.325122,,,
-79.788071,41.325163,,,
-79.788446,41.325245,,,
-79.78873,41.325278,,,
-79.789789,41.325371,,,
-79.790245,41.325403,,,
-79.790921,41.325442,,,
-79.790985,41.325462,,,
-79.791551,41.325516,,,
-79.792172,41.325555,,,
-79.793527,41.325568,,,
-79.794157,41.325545,,,
-79.794627,41.32552,,,
-79.795434,41.325493,,,
-79.796201,41.325462,,,
-79.796757,41.325413,,,
-79.797131,41.32537,,,
-79.797446,41.325325,,,
-79.797975,41.325261,,,
-79.798718,41.325221,,,
-79.799731,41.325114,,,
-79.800844,41.325063,,,
-79.801036,41.325048,,,
-79.802139,41.324934,,,
-79.802655,41.324909,,,
-79.803436,41.324944,,,
-79.804051,41.324994,,,
-79.804097,41.325014,,,
-79.804353,41.325026,,,
-79.804399,41.325047,,,
-79.804517,41.325057,,,
-79.804568,41.32507,,,
-79.804769,41.325097,,,
-79.805292,41.325159,,,
-79.805314,41.325167,,,
-79.806267,41.325236,,,
-79.806412,41.32525,,,
-79.806869,41.325309,,,
-79.806919,41.325312,,,
-79.807286,41.325401,,,
-79.807788,41.325557,,,
-79.808209,41.3257,,,
-79.808275,41.325735,,,
-79.808299,41.325739,,,
-79.808437,41.325795,,,
-79.808539,41.325822,,,
-79.808575,41.325842,,,
-79.808675,41.325869,,,
-79.808712,41.32589,,,
-79.808862,41.325951,,,
-79.808886,41.325965,,,
-79.808978,41.325985,,,
-79.809013,41.326006,,,
-79.80906,41.326019,,,
-79.809096,41.32604,,,
-79.809172,41.326064,,,
-79.809215,41.326087,,,
-79.809289,41.326101,,,
-79.80937,41.326142,,,
-79.809407,41.326149,,,
-79.809471,41.326183,,,
-79.809545,41.326203,,,
-79.809609,41.32623,,,
-79.809644,41.32625,,,
-79.809718,41.326271,,,
-79.809755,41.326291,,,
-79.809883,41.326326,,,
-79.809928,41.326352,,,
-79.81002,41.326373,,,
-79.810103,41.326414,,,
-79.810138,41.32642,,,
-79.810203,41.326455,,,
-79.810331,41.326489,,,
-79.810441,41.326543,,,
-79.810587,41.326577,,,
-79.810632,41.326597,,,
-79.810669,41.326604,,,
-79.810715,41.326624,,,
-79.810751,41.326631,,,
-79.810816,41.326665,,,
-79.810884,41.326693,,,
-79.810907,41.326707,,,
-79.81098,41.32672,,,
-79.811044,41.326754,,,
-79.811219,41.326802,,,
-79.811254,41.326822,,,
-79.811593,41.326903,,,
-79.811648,41.32693,,,
-79.811712,41.326944,,,
-79.811767,41.326971,,,
-79.811932,41.327019,,,
-79.812279,41.327134,,,
-79.812307,41.327154,,,
-79.81238,41.327168,,,
-79.812407,41.327189,,,
-79.812453,41.327195,,,
-79.81249,41.327216,,,
-79.812562,41.327233,,,
-79.812644,41.327263,,,
-79.812681,41.327283,,,
-79.812745,41.327297,,,
-79.812773,41.32731,,,
-79.812827,41.327324,,,
-79.812892,41.327358,,,
-79.812955,41.327372,,,
-79.813038,41.327413,,,
-79.813075,41.32742,,,
-79.81312,41.32744,,,
-79.813157,41.327447,,,
-79.813221,41.327481,,,
-79.813258,41.327487,,,
-79.81367,41.327657,,,
-79.813743,41.327678,,,
-79.813837,41.32772,,,
-79.813861,41.327725,,,
-79.813992,41.327782,,,
-79.814016,41.327786,,,
-79.814099,41.327828,,,
-79.814173,41.327845,,,
-79.814245,41.327869,,,
-79.814401,41.32793,,,
-79.814502,41.327957,,,
-79.814539,41.327977,,,
-79.814584,41.327991,,,
-79.814964,41.328175,,,
-79.815125,41.32827,,,
-79.815491,41.328454,,,
-79.815733,41.328584,,,
-79.816022,41.328762,,,
-79.816435,41.329041,,,
-79.816718,41.329171,,,
-79.816934,41.329259,,,
-79.816956,41.329273,,,
-79.817331,41.329371,,,
-79.817725,41.329483,,,
-79.818593,41.3297,,,
-79.81916,41.329863,,,
-79.819205,41.32989,,,
-79.819388,41.32993,,,
-79.819927,41.330059,,,
-79.820074,41.330086,,,
-79.82107,41.330323,,,
-79.821176,41.330353,,,
-79.821315,41.330368,,,
-79.82142,41.330389,,,
-79.82159,41.330414,,,
-79.821651,41.330434,,,
-79.822116,41.330494,,,
-79.822458,41.330531,,,
-79.823009,41.330562,,,
-79.823371,41.330583,,,
-79.824928,41.330649,,,
-79.825179,41.330617,,,
-79.825603,41.330598,,,
-79.826188,41.330527,,,
-79.826502,41.330482,,,
-79.826598,41.330457,,,
-79.826721,41.33044,,,
-79.826762,41.33043,,,
-79.827058,41.330383,,,
-79.827263,41.330338,,,
-79.827341,41.330328,,,
-79.827409,41.33031,,,
-79.827486,41.330299,,,
-79.827779,41.330237,,,
-79.828343,41.330091,,,
-79.82858,41.330021,,,
-79.828617,41.33,,,
-79.828717,41.329976,,,
-79.829091,41.329847,,,
-79.829537,41.329701,,,
-79.829892,41.329604,,,
-79.830547,41.329382,,,
-79.830629,41.329334,,,
-79.830721,41.329313,,,
-79.830785,41.329272,,,
-79.83083,41.329264,,,
-79.830967,41.329189,,,
-79.831212,41.329071,,,
-79.831548,41.328925,,,
-79.832022,41.328704,,,
-79.832322,41.328573,,,
-79.832978,41.328247,,,
-79.833242,41.328123,,,
-79.833915,41.327825,,,
-79.833988,41.327804,,,
-79.834024,41.327798,,,
-79.834079,41.327763,,,
-79.834538,41.327528,,,
-79.83487,41.327334,,,
-79.835452,41.327009,,,
-79.835698,41.326892,,,
-79.836017,41.326753,,,
-79.836271,41.326622,,,
-79.83649,41.3266,,,
-79.836553,41.326559,,,
-79.836571,41.326539,,,
-79.836618,41.326552,,,
-79.83669,41.326524,,,
-79.837072,41.326338,,,
-79.837154,41.326302,,,
-79.83719,41.326282,,,
-79.837273,41.326261,,,
-79.837327,41.326234,,,
-79.837409,41.326212,,,
-79.837482,41.326178,,,
-79.837751,41.326096,,,
-79.838055,41.326004,,,
-79.838147,41.325984,,,
-79.838184,41.325962,,,
-79.838248,41.325949,,,
-79.83835,41.325906,,,
-79.838393,41.3259,,,
-79.838486,41.325856,,,
-79.838511,41.325852,,,
-79.838593,41.325817,,,
-79.838648,41.325803,,,
-79.838684,41.325782,,,
-79.838766,41.325755,,,
-79.83882,41.32572,,,
-79.838848,41.32572,,,
-79.838871,41.325706,,,
-79.838968,41.325662,,,
-79.838992,41.325658,,,
-79.839522,41.325395,,,
-79.840213,41.325028,,,
-79.840394,41.324904,,,
-79.840685,41.324683,,,
-79.841067,41.324383,,,
-79.841107,41.324347,,,
-79.841338,41.324149,,,
-79.841384,41.324117,,,
-79.841448,41.324104,,,
-79.841484,41.324082,,,
-79.841585,41.324062,,,
-79.841894,41.323927,,,
-79.841957,41.323889,,,
-79.842004,41.323881,,,
-79.84204,41.323861,,,
-79.842086,41.323854,,,
-79.842122,41.323833,,,
-79.842195,41.323819,,,
-79.842234,41.323803,,,
-79.842395,41.323736,,,
-79.84334,41.323266,,,
-79.843423,41.323225,,,
-79.843933,41.322992,,,
-79.844033,41.322941,,,
-79.84406,41.32294,,,
-79.844096,41.32292,,,
-79.84416,41.322906,,,
-79.844334,41.322823,,,
-79.844424,41.322801,,,
-79.844461,41.322781,,,
-79.844507,41.322767,,,
-79.844633,41.322712,,,
-79.844669,41.322691,,,
-79.844706,41.322684,,,
-79.84477,41.322649,,,
-79.844806,41.322642,,,
-79.844934,41.32258,,,
-79.84507,41.322535,,,
-79.845171,41.322511,,,
-79.845235,41.322476,,,
-79.845308,41.322462,,,
-79.845352,41.322434,,,
-79.845426,41.322421,,,
-79.845571,41.322358,,,
-79.846462,41.321908,,,
-79.846594,41.321819,,,
-79.846676,41.32177,,,
-79.84669,41.321764,,,
-79.846745,41.321743,,,
-79.846853,41.32168,,,
-79.846894,41.321652,,,
-79.847017,41.321597,,,
-79.847118,41.321535,,,
-79.847303,41.321385,,,
-79.847462,41.321246,,,
-79.847696,41.321068,,,
-79.848623,41.320363,,,
-79.848652,41.320341,,,
-79.848879,41.320152,,,
-79.849919,41.319409,,,
-79.8502,41.319223,,,
-79.850673,41.318899,,,
-79.85076,41.318857,,,
-79.85088,41.318774,,,
-79.851323,41.31847,,,
-79.851722,41.318167,,,
-79.852158,41.317812,,,
-79.852357,41.317639,,,
-79.852449,41.317526,,,
-79.852611,41.317384,,,
-79.852892,41.31705,,,
-79.852938,41.317009,,,
-79.852964,41.31694,,,
-79.852992,41.316912,,,
-79.85301,41.316864,,,
-79.853046,41.316823,,,
-79.85311,41.316696,,,
-79.853154,41.316609,,,
-79.85319,41.316521,,,
-79.853217,41.316493,,,
-79.85328,41.316376,,,
-79.853298,41.316328,,,
-79.853326,41.3163,,,
-79.853469,41.315977,,,
-79.853487,41.315888,,,
-79.853514,41.31586,,,
-79.853531,41.315798,,,
-79.853632,41.315067,,,
-79.853567,41.314799,,,
-79.853478,41.314597,,,
-79.853295,41.314426,,,
-79.853276,41.314302,,,
-79.853247,41.314172,,,
-79.85321,41.314076,,,
-79.853155,41.314014,,,
-79.853033,41.313911,,,
-79.853025,41.313894,,,
-79.852985,41.313843,,,
-79.852906,41.313762,,,
-79.852742,41.313621,,,
-79.852537,41.313432,,,
-79.852527,41.313415,,,
-79.852365,41.313276,,,
-79.851659,41.31275,,,
-79.851347,41.312532,,,
-79.851077,41.312368,,,
-79.850853,41.312245,,,
-79.850569,41.312054,,,
-79.850042,41.311653,,,
-79.849999,41.311603,,,
-79.849789,41.311425,,,
-79.849541,41.311241,,,
-79.849454,41.311186,,,
-79.84934,41.311125,,,
-79.849156,41.311036,,,
-79.848785,41.310818,,,
-79.848488,41.310672,,,
-79.848424,41.310634,,,
-79.848397,41.310634,,,
-79.84835,41.310607,,,
-79.848315,41.3106,,,
-79.848287,41.310614,,,
-79.848182,41.310539,,,
-79.847893,41.310396,,,
-79.847646,41.310246,,,
-79.847247,41.30998,,,
-79.846674,41.309584,,,
-79.846279,41.309252,,,
-79.84627,41.309228,,,
-79.845986,41.308992,,,
-79.845977,41.308969,,,
-79.845755,41.308722,,,
-79.845718,41.308661,,,
-79.845691,41.308633,,,
-79.845664,41.308578,,,
-79.845627,41.30853,,,
-79.845617,41.308503,,,
-79.84559,41.308476,,,
-79.845581,41.308441,,,
-79.845553,41.308414,,,
-79.845553,41.308393,,,
-79.845535,41.308373,,,
-79.845462,41.308311,,,
-79.845456,41.308239,,,
-79.845424,41.308161,,,
-79.845396,41.308133,,,
-79.845373,41.308085,,,
-79.845359,41.308037,,,
-79.845332,41.308013,,,
-79.845322,41.307989,,,
-79.845299,41.307961,,,
-79.845189,41.307861,,,
-79.84507,41.307745,,,
-79.845001,41.307667,,,
-79.844945,41.307578,,,
-79.844862,41.307421,,,
-79.844696,41.307085,,,
-79.84464,41.306921,,,
-79.844557,41.306736,,,
-79.844483,41.306619,,,
-79.844355,41.306462,,,
-79.844327,41.306435,,,
-79.844289,41.306373,,,
-79.844115,41.30616,,,
-79.843857,41.305873,,,
-79.843821,41.305819,,,
-79.843732,41.305647,,,
-79.843691,41.30553,,,
-79.843645,41.305434,,,
-79.843507,41.305284,,,
-79.843489,41.30525,,,
-79.843462,41.305223,,,
-79.843451,41.305188,,,
-79.843425,41.305154,,,
-79.843387,41.305051,,,
-79.843363,41.304959,,,
-79.84334,41.304825,,,
-79.843317,41.304159,,,
-79.843367,41.303417,,,
-79.843398,41.303208,,,
-79.84351,41.302929,,,
-79.843671,41.302489,,,
-79.843851,41.302063,,,
-79.843887,41.302028,,,
-79.843905,41.301973,,,
-79.843935,41.301944,,,
-79.84396,41.301891,,,
-79.843995,41.301849,,,
-79.844022,41.301802,,,
-79.844067,41.301754,,,
-79.844095,41.301698,,,
-79.844086,41.301677,,,
-79.844122,41.30165,,,
-79.844158,41.301616,,,
-79.844167,41.301581,,,
-79.844285,41.30143,,,
-79.844303,41.301396,,,
-79.84433,41.301368,,,
-79.844348,41.301333,,,
-79.844375,41.301305,,,
-79.844402,41.301258,,,
-79.844493,41.301147,,,
-79.844647,41.301009,,,
-79.844874,41.300816,,,
-79.845192,41.300588,,,
-79.845237,41.300574,,,
-79.845447,41.30047,,,
-79.846383,41.299755,,,
-79.846554,41.299626,,,
-79.846854,41.299415,,,
-79.847084,41.299237,,,
-79.847126,41.299204,,,
-79.847199,41.299119,,,
-79.847407,41.298932,,,
-79.847453,41.298898,,,
-79.847634,41.298781,,,
-79.847971,41.298521,,,
-79.847997,41.298484,,,
-79.848233,41.29826,,,
-79.848795,41.297801,,,
-79.849086,41.29758,,,
-79.849255,41.297469,,,
-79.8494,41.29738,,,
-79.849487,41.297342,,,
-79.85014,41.296869,,,
-79.850485,41.296603,,,
-79.850503,41.296579,,,
-79.850685,41.296424,,,
-79.850866,41.296258,,,
-79.851238,41.295834,,,
-79.851359,41.295726,,,
-79.851665,41.29535,,,
-79.85168,41.295311,,,
-79.851717,41.29527,,,
-79.851744,41.295208,,,
-79.851771,41.29518,,,
-79.851839,41.295057,,,
-79.851949,41.294812,,,
-79.852006,41.294685,,,
-79.852041,41.294616,,,
-79.852068,41.294589,,,
-79.852321,41.294017,,,
-79.852378,41.293698,,,
-79.852403,41.293445,,,
-79.852419,41.293094,,,
-79.852438,41.291878,,,
-79.852386,41.291505,,,
-79.852235,41.290785,,,
-79.85217,41.290599,,,
-79.85205,41.290318,,,
-79.851994,41.29025,,,
-79.851967,41.290202,,,
-79.851939,41.290175,,,
-79.851911,41.290127,,,
-79.851884,41.290099,,,
-79.851847,41.290038,,,
-79.851819,41.29001,,,
-79.851792,41.289962,,,
-79.851764,41.289935,,,
-79.851708,41.289846,,,
-79.851603,41.289716,,,
-79.85157,41.289682,,,
-79.851149,41.289319,,,
-79.850878,41.289121,,,
-79.850572,41.288971,,,
-79.850252,41.28886,,,
-79.850106,41.288822,,,
-79.849986,41.288809,,,
-79.849914,41.288789,,,
-79.849375,41.288749,,,
-79.848892,41.288758,,,
-79.84864,41.288756,,,
-79.848048,41.288806,,,
-79.847496,41.288832,,,
-79.847228,41.288871,,,
-79.846489,41.288956,,,
-79.846421,41.288974,,,
-79.846343,41.288985,,,
-79.846193,41.289016,,,
-79.844845,41.289358,,,
-79.844681,41.289407,,,
-79.844462,41.289479,,,
-79.84439,41.289497,,,
-79.844344,41.289524,,,
-79.844281,41.289538,,,
-79.844244,41.289559,,,
-79.843707,41.289739,,,
-79.843297,41.289851,,,
-79.842887,41.289976,,,
-79.842806,41.290004,,,
-79.842778,41.290018,,,
-79.842633,41.290053,,,
-79.842605,41.290073,,,
-79.842514,41.290095,,,
-79.842468,41.290122,,,
-79.842396,41.290136,,,
-79.842332,41.29017,,,
-79.842287,41.290177,,,
-79.842205,41.290226,,,
-79.841704,41.290378,,,
-79.841404,41.290476,,,
-79.840838,41.290636,,,
-79.840747,41.290657,,,
-79.840721,41.290678,,,
-79.840648,41.290692,,,
-79.840621,41.290713,,,
-79.840566,41.29072,,,
-79.840502,41.290761,,,
-79.84043,41.290782,,,
-79.840247,41.290845,,,
-79.840102,41.290879,,,
-79.840047,41.290907,,,
-79.839983,41.290921,,,
-79.839947,41.290942,,,
-79.839756,41.291007,,,
-79.839655,41.291032,,,
-79.839619,41.291053,,,
-79.839446,41.291102,,,
-79.839374,41.291143,,,
-79.839328,41.29115,,,
-79.839246,41.291199,,,
-79.838964,41.291289,,,
-79.838763,41.291344,,,
-79.838626,41.291386,,,
-79.838481,41.291421,,,
-79.838427,41.291455,,,
-79.838208,41.291525,,,
-79.837899,41.291616,,,
-79.837434,41.291761,,,
-79.837134,41.291862,,,
-79.836834,41.291942,,,
-79.836477,41.292026,,,
-79.83595,41.292158,,,
-79.83579,41.292183,,,
-79.835548,41.292235,,,
-79.835471,41.292246,,,
-79.835439,41.292256,,,
-79.835124,41.292296,,,
-79.834879,41.292317,,,
-79.834335,41.292336,,,
-79.833818,41.292304,,,
-79.833697,41.292297,,,
-79.833651,41.292277,,,
-79.833021,41.292121,,,
-79.832906,41.292111,,,
-79.832824,41.292098,,,
-79.832792,41.292088,,,
-79.832765,41.292074,,,
-79.832289,41.291945,,,
-79.831942,41.291844,,,
-79.831147,41.291647,,,
-79.831121,41.291648,,,
-79.831092,41.291627,,,
-79.830462,41.29143,,,
-79.830179,41.291356,,,
-79.830155,41.291343,,,
-79.829767,41.291186,,,
-79.829574,41.291097,,,
-79.829336,41.290981,,,
-79.82871,41.290607,,,
-79.828467,41.290483,,,
-79.827981,41.290218,,,
-79.827578,41.289937,,,
-79.827294,41.289726,,,
-79.827028,41.289487,,,
-79.827,41.289452,,,
-79.826744,41.289237,,,
-79.825937,41.288588,,,
-79.824799,41.287703,,,
-79.824651,41.287572,,,
-79.824638,41.287561,,,
-79.824601,41.287528,,,
-79.824589,41.287518,,,
-79.824588,41.287491,,,
-79.824598,41.287457,,,
-79.824542,41.287285,,,
-79.824514,41.287237,,,
-79.824487,41.287203,,,
-79.82446,41.287148,,,
-79.824441,41.287128,,,
-79.824432,41.287093,,,
-79.824385,41.287039,,,
-79.824288,41.286854,,,
-79.824125,41.286401,,,
-79.824009,41.285952,,,
-79.823995,41.285921,,,
-79.823975,41.285599,,,
-79.823992,41.285503,,,
-79.824073,41.285302,,,
-79.824118,41.285262,,,
-79.824119,41.285241,,,
-79.824309,41.285034,,,
-79.824718,41.284679,,,
-79.824794,41.28459,,,
-79.824861,41.284511,,,
-79.825043,41.284283,,,
-79.825152,41.28416,,,
-79.82517,41.284111,,,
-79.825197,41.284091,,,
-79.825197,41.284063,,,
-79.825251,41.284008,,,
-79.825323,41.283857,,,
-79.82537,41.283794,,,
-79.825396,41.28376,,,
-79.825506,41.283628,,,
-79.825594,41.283526,,,
-79.825776,41.283364,,,
-79.825803,41.283326,,,
-79.826147,41.282934,,,
-79.826384,41.28273,,,
-79.826747,41.282437,,,
-79.827088,41.282216,,,
-79.827155,41.282188,,,
-79.827219,41.282154,,,
-79.827292,41.282099,,,
-79.827591,41.281906,,,
-79.827983,41.281664,,,
-79.828046,41.281635,,,
-79.828101,41.281595,,,
-79.828146,41.281581,,,
-79.828209,41.281546,,,
-79.828237,41.281545,,,
-79.828501,41.281435,,,
-79.82881,41.281289,,,
-79.82911,41.281162,,,
-79.82927,41.281069,,,
-79.829637,41.280889,,,
-79.829711,41.28084,,,
-79.829737,41.28084,,,
-79.829838,41.280799,,,
-79.829929,41.280777,,,
-79.829965,41.280757,,,
-79.830065,41.280729,,,
-79.830129,41.280715,,,
-79.830211,41.280673,,,
-79.830329,41.280645,,,
-79.830465,41.280584,,,
-79.830502,41.280576,,,
-79.830557,41.280549,,,
-79.830684,41.280503,,,
-79.83073,41.280493,,,
-79.830793,41.280465,,,
-79.83083,41.280444,,,
-79.830903,41.28043,,,
-79.830967,41.280396,,,
-79.831002,41.280389,,,
-79.831158,41.28032,,,
-79.83123,41.280306,,,
-79.831267,41.280285,,,
-79.831313,41.280278,,,
-79.831403,41.280236,,,
-79.831476,41.280223,,,
-79.831512,41.280202,,,
-79.831558,41.280195,,,
-79.831594,41.280174,,,
-79.83174,41.280132,,,
-79.831859,41.280104,,,
-79.831895,41.280084,,,
-79.832032,41.280048,,,
-79.832086,41.280021,,,
-79.832759,41.27984,,,
-79.832862,41.279824,,,
-79.832915,41.279812,,,
-79.832987,41.279788,,,
-79.833128,41.279767,,,
-79.833643,41.279638,,,
-79.834298,41.279436,,,
-79.834363,41.279421,,,
-79.834399,41.279401,,,
-79.834453,41.279387,,,
-79.834489,41.279367,,,
-79.834535,41.279359,,,
-79.834609,41.279318,,,
-79.834644,41.279311,,,
-79.834782,41.279255,,,
-79.835272,41.27902,,,
-79.835527,41.27895,,,
-79.835659,41.278933,,,
-79.83581,41.278895,,,
-79.835883,41.278887,,,
-79.836019,41.278826,,,
-79.836323,41.278611,,,
-79.836383,41.278587,,,
-79.836523,41.278501,,,
-79.836573,41.27848,,,
-79.836842,41.278301,,,
-79.836883,41.27828,,,
-79.836997,41.278206,,,
-79.837345,41.277982,,,
-79.83769,41.277769,,,
-79.837764,41.277734,,,
-79.837813,41.277699,,,
-79.838027,41.277596,,,
-79.83817,41.277503,,,
-79.838373,41.277402,,,
-79.838673,41.277243,,,
-79.838891,41.277139,,,
-79.839255,41.276952,,,
-79.839413,41.276849,,,
-79.839463,41.276828,,,
-79.840844,41.27612,,,
-79.840882,41.276101,,,
-79.840922,41.276079,,,
-79.84129,41.27588,,,
-79.841404,41.275805,,,
-79.841518,41.275756,,,
-79.842126,41.275348,,,
-79.84278,41.274934,,,
-79.843672,41.274253,,,
-79.84416,41.273881,,,
-79.844333,41.273717,,,
-79.844884,41.273092,,,
-79.845193,41.272734,,,
-79.845202,41.272707,,,
-79.845283,41.27259,,,
-79.845291,41.272562,,,
-79.845382,41.272432,,,
-79.845391,41.272404,,,
-79.845428,41.272356,,,
-79.84567,41.271792,,,
-79.8457,41.271541,,,
-79.845717,41.271138,,,
-79.845735,41.270693,,,
-79.845691,41.270223,,,
-79.845615,41.269818,,,
-79.845532,41.269482,,,
-79.845484,41.269367,,,
-79.845462,41.269314,,,
-79.845304,41.268986,,,
-79.845263,41.26891,,,
-79.845231,41.268828,,,
-79.845204,41.268801,,,
-79.845176,41.268759,,,
-79.845148,41.268698,,,
-79.845047,41.26854,,,
-79.844872,41.268334,,,
-79.844825,41.268259,,,
-79.844715,41.268129,,,
-79.844652,41.268075,,,
-79.844633,41.268034,,,
-79.844513,41.26789,,,
-79.844439,41.267808,,,
-79.84432,41.267709,,,
-79.844311,41.267685,,,
-79.844185,41.26754,,,
-79.844036,41.26737,,,
-79.843778,41.267117,,,
-79.843497,41.266879,,,
-79.843082,41.266526,,,
-79.843017,41.266464,,,
-79.843008,41.26644,,,
-79.842622,41.266102,,,
-79.84188,41.265483,,,
-79.841321,41.265067,,,
-79.841297,41.265052,,,
-79.841097,41.26493,,,
-79.840479,41.26459,,,
-79.840467,41.264583,,,
-79.840236,41.264446,,,
-79.840085,41.264364,,,
-79.839948,41.264296,,,
-79.839756,41.264208,,,
-79.83927,41.263997,,,
-79.838868,41.263793,,,
-79.838068,41.263288,,,
-79.837932,41.263204,,,
-79.837568,41.262981,,,
-79.837531,41.26298,,,
-79.837494,41.26296,,,
-79.837166,41.262879,,,
-79.837057,41.262859,,,
-79.837029,41.262859,,,
-79.836654,41.262799,,,
-79.836074,41.262722,,,
-79.834984,41.262606,,,
-79.834428,41.262526,,,
-79.834364,41.262505,,,
-79.833725,41.262481,,,
-79.833433,41.262489,,,
-79.833169,41.262517,,,
-79.832809,41.26257,,,
-79.831821,41.262817,,,
-79.831758,41.262852,,,
-79.831685,41.262865,,,
-79.831348,41.263008,,,
-79.831194,41.263087,,,
-79.831003,41.263198,,,
-79.830766,41.263323,,,
-79.830585,41.26344,,,
-79.829986,41.263923,,,
-79.829792,41.264096,,,
-79.829687,41.264191,,,
-79.829496,41.264371,,,
-79.829423,41.264447,,,
-79.829396,41.264481,,,
-79.829379,41.264522,,,
-79.829252,41.264667,,,
-79.829234,41.264702,,,
-79.829207,41.264728,,,
-79.829171,41.264791,,,
-79.829143,41.264818,,,
-79.829089,41.264907,,,
-79.829062,41.264935,,,
-79.828981,41.265066,,,
-79.828953,41.265093,,,
-79.82889,41.265197,,,
-79.828864,41.265225,,,
-79.828837,41.265272,,,
-79.8288,41.265314,,,
-79.828773,41.265382,,,
-79.828728,41.265424,,,
-79.828673,41.265527,,,
-79.828529,41.265837,,,
-79.828359,41.266153,,,
-79.828277,41.266332,,,
-79.828206,41.266472,,,
-79.828181,41.265852,,,
-79.828169,41.265662,,,
-79.828099,41.26455,,,
-79.82803,41.263488,,,
-79.828013,41.263235,,,
-79.827961,41.262426,,,
-79.827949,41.2623,,,
-79.827915,41.261922,,,
-79.827904,41.261797,,,
-79.827847,41.261234,,,
-79.82771,41.259866,,,
-79.827687,41.259544,,,
-79.827649,41.25898,,,
-79.8276,41.258207,,,
-79.827559,41.257537,,,
-79.827456,41.255888,,,
-79.827408,41.255115,,,
-79.82735,41.254233,,,
-79.827332,41.253955,,,
-79.827165,41.25159,,,
-79.827103,41.25071,,,
-79.827088,41.250448,,,
-79.827065,41.250056,,,
-79.826963,41.24974,,,
-79.826941,41.249346,,,
-79.826899,41.248558,,,
-79.826746,41.247083,,,
-79.826762,41.246992,,,
-79.829177,41.246895,,,
-79.82914,41.246239,,,
-79.82868,41.239645,,,
-79.828676,41.239601,,,
-79.828666,41.239463,,,
-79.828662,41.239187,,,
-79.828507,41.23717,,,
-79.828407,41.23587,,,
-79.82838,41.235496,,,
-79.828339,41.234941,,,
-79.828266,41.233924,,,
-79.828141,41.231877,,,
-79.828032,41.231131,,,
-79.827935,41.230542,,,
-79.827885,41.230201,,,
-79.827855,41.229999,,,
-79.827755,41.22949,,,
-79.827726,41.228925,,,
-79.827696,41.226994,,,
-79.827694,41.226875,,,
-79.827686,41.225546,,,
-79.827672,41.224835,,,
-79.827629,41.224355,,,
-79.827474,41.222319,,,
-79.827415,41.221389,,,
-79.827337,41.219969,,,
-79.82729,41.21941,,,
-79.827277,41.218863,,,
-79.827277,41.218439,,,
-79.827292,41.217933,,,
-79.827266,41.217655,,,
-79.827198,41.2174,,,
-79.827059,41.217071,,,
-79.82693,41.215207,,,
-79.826922,41.213937,,,
-79.826847,41.212973,,,
-79.826773,41.212019,,,
-79.826618,41.210044,,,
-79.826563,41.209338,,,
-79.826383,41.207322,,,
-79.826058,41.202644,,,
-79.82595,41.201091,,,
-79.825925,41.200778,,,
-79.825774,41.200784,,,
-79.825188,41.200808,,,
-79.824708,41.200821,,,
-79.824364,41.200831,,,
-79.82414,41.196522,,,
-79.824123,41.196222,,,
-79.824095,41.195847,,,
-79.823333,41.184099,,,
-79.823281,41.183274,,,
-79.822855,41.176864,,,
-79.82281,41.175919,,,
-79.822616,41.173088,,,
-79.824481,41.173122,,,
-79.825104,41.173114,,,
-79.826231,41.173102,,,
-79.827596,41.173111,,,
-79.830445,41.173082,,,
-79.832397,41.173056,,,
-79.832569,41.173054,,,
-79.835065,41.173032,,,
-79.83705,41.173014,,,
-79.840059,41.172987,,,
-79.843029,41.17296,,,
-79.845021,41.172943,,,
-79.847229,41.172924,,,
-79.84889,41.172906,,,
-79.85242,41.172868,,,
-79.852777,41.172864,,,
-79.860497,41.172815,,,
-79.863382,41.172798,,,
-79.864367,41.172788,,,
-79.864965,41.172781,,,
-79.86676,41.172764,,,
-79.867359,41.172759,,,
-79.867372,41.172759,,,
-79.869106,41.172742,,,
-79.869293,41.172741,,,
-79.87435,41.172642,,,
-79.874776,41.172634,,,
-79.876098,41.172618,,,
-79.877576,41.172601,,,
-79.879259,41.172582,,,
-79.88201,41.172526,,,
-79.883488,41.172497,,,
-79.884375,41.172479,,,
-79.885546,41.172463,,,
-79.89411,41.172343,,,
-79.894788,41.172334,,,
-79.895496,41.172323,,,
-79.896351,41.17231,,,
-79.898744,41.172274,,,
-79.903168,41.172191,,,
-79.903597,41.172184,,,
-79.905353,41.172144,,,
-79.905441,41.172142,,,
-79.90554,41.17214,,,
-79.906227,41.172124,,,
-79.906424,41.17212,,,
-79.908289,41.172113,,,
-79.908977,41.172111,,,
-79.909118,41.17211,,,
-79.909544,41.172108,,,
-79.909687,41.172108,,,
-79.912166,41.172086,,,
-79.915628,41.172059,,,
-79.919607,41.172046,,,
-79.921722,41.172041,,,
-79.922086,41.171976,,,
-79.922157,41.171964,,,
-79.922372,41.171928,,,
-79.922444,41.171917,,,
-79.922755,41.171916,,,
-79.923002,41.171916,,,
-79.923519,41.171922,,,
-79.92369,41.171921,,,
-79.924002,41.17192,,,
-79.924868,41.171896,,,
-79.924912,41.171896,,,
-79.925295,41.171893,,,
-79.92615,41.171902,,,
-79.926415,41.17189,,,
-79.926518,41.171879,,,
-79.926646,41.171859,,,
-79.926797,41.171842,,,
-79.926947,41.171818,,,
-79.927095,41.171801,,,
-79.92719,41.171793,,,
-79.927466,41.171787,,,
-79.927921,41.1718,,,
-79.928331,41.17185,,,
-79.928462,41.171866,,,
-79.928771,41.171885,,,
-79.929083,41.171897,,,
-79.929592,41.171904,,,
-79.929996,41.171911,,,
-79.930515,41.171905,,,
-79.93112,41.171893,,,
-79.93133,41.171887,,,
-79.93206,41.171878,,,
-79.932483,41.17188,,,
-79.933105,41.171876,,,
-79.933378,41.171876,,,
-79.933586,41.171878,,,
-79.934098,41.171867,,,
-79.934623,41.171861,,,
-79.934641,41.171861,,,
-79.935014,41.171847,,,
-79.935406,41.171844,,,
-79.935469,41.171844,,,
-79.937707,41.171863,,,
-79.937726,41.171864,,,
-79.938476,41.17186,,,
-79.939397,41.171848,,,
-79.942166,41.171819,,,
-79.94258,41.171814,,,
-79.94309,41.171805,,,
-79.943556,41.17181,,,
-79.9439,41.171815,,,
-79.944954,41.171842,,,
-79.945421,41.171854,,,
-79.945573,41.171858,,,
-79.945966,41.171844,,,
-79.946018,41.171842,,,
-79.946593,41.171827,,,
-79.9473,41.171808,,,
-79.947601,41.171796,,,
-79.948146,41.171775,,,
-79.948786,41.171777,,,
-79.949388,41.171776,,,
-79.950166,41.171776,,,
-79.95228,41.171815,,,
-79.953114,41.171823,,,
-79.953464,41.171827,,,
-79.954357,41.171831,,,
-79.954505,41.171832,,,
-79.955108,41.17181,,,
-79.955135,41.171809,,,
-79.956659,41.171767,,,
-79.957364,41.171754,,,
-79.957559,41.171751,,,
-79.958116,41.171733,,,
-79.958351,41.171727,,,
-79.959062,41.171716,,,
-79.95929,41.171657,,,
-79.959691,41.171654,,,
-79.96082,41.171666,,,
-79.961197,41.171671,,,
-79.961621,41.171673,,,
-79.962537,41.171679,,,
-79.962893,41.171682,,,
-79.963317,41.171686,,,
-79.964474,41.171697,,,
-79.967948,41.17173,,,
-79.968016,41.171731,,,
-79.969106,41.171734,,,
-79.971139,41.17174,,,
-79.971499,41.171745,,,
-79.976437,41.171821,,,
-79.978679,41.171819,,,
-79.981073,41.171817,,,
-79.981118,41.171817,,,
-79.981257,41.171817,,,
-79.981303,41.171817,,,
-79.98165,41.171818,,,
-79.981771,41.171818,,,
-79.982691,41.171824,,,
-79.983039,41.171826,,,
-79.983789,41.171846,,,
-79.986042,41.171907,,,
-79.986793,41.171928,,,
-79.986989,41.171942,,,
-79.987128,41.171945,,,
-79.987505,41.171952,,,
-79.988136,41.171952,,,
-79.988474,41.171961,,,
-79.988462,41.171948,,,
-79.989064,41.171944,,,
-79.989101,41.171943,,,
-79.989666,41.171938,,,
-79.990634,41.171929,,,
-79.991021,41.171927,,,
-79.991661,41.171924,,,
-79.993284,41.171916,,,
-79.994049,41.171913,,,
-79.998155,41.171875,,,
-79.999779,41.171861,,,
-79.999711,41.174272,,,
-79.999606,41.177964,,,
-79.999533,41.180522,,,
-79.99948,41.182487,,,
-79.999316,41.189504,,,
-79.999314,41.190052,,,
-79.999298,41.191109,,,
-79.999204,41.197092,,,
-79.999211,41.198125,,,
-79.999234,41.198342,,,
-79.999274,41.199491,,,
-79.999284,41.199779,,,
-79.999311,41.200533,,,
-79.99938,41.202526,,,
-79.999396,41.202889,,,
-79.999629,41.207331,,,
-79.999668,41.209079,,,
-79.999688,41.209972,,,
-79.999779,41.211829,,,
-79.999779,41.2126,,,
-79.999779,41.213087,,,
-79.999779,41.213258,,,
-79.999779,41.213279,,,
-79.999779,41.213345,,,
-79.999779,41.213367,,,
-79.999779,41.21409,,,
-79.999779,41.216259,,,
-79.999779,41.216983,,,
-79.99978,41.217002,,,
-79.999779,41.217063,,,
-79.999779,41.217246,,,
-79.999777,41.217308,,,
-79.999777,41.217617,,,
-79.999778,41.218546,,,
-79.999779,41.218856,,,
-79.999777,41.218898,,,
-79.999777,41.219024,,,
-79.999777,41.219067,,,
-79.999777,41.219081,,,
-79.999778,41.219094,,,
-79.999779,41.219124,,,
-79.99978,41.219139,,,
-79.999779,41.220693,,,
-79.999779,41.225356,,,
-79.999779,41.226911,,,
-79.999779,41.22694,,,
-79.999779,41.22703,,,
-79.999779,41.22706,,,
-79.999779,41.227974,,,
-79.999779,41.227998,,,
-79.999779,41.230716,,,
-79.999779,41.23163,,,
-79.999778,41.231639,,,
-79.999779,41.237793,,,
-79.999779,41.238653,,,
-79.99978,41.246085,,,
-79.99978,41.246879,,,
-79.99978,41.249263,,,
-79.99978,41.250058,,,
-79.999779,41.250114,,,
-79.999779,41.250285,,,
-79.999779,41.250342,,,
-79.999779,41.25036,,,
-79.99978,41.250371,,,
-79.999779,41.250454,,,
-79.99978,41.250478,,,
-79.999777,41.252795,,,
-79.999771,41.259748,,,
-79.99977,41.262066,,,
-79.999771,41.262099,,,
-79.999774,41.262204,,,
-79.99978,41.262274,,,
-79.999765,41.262318,,,
-79.999763,41.262335,,,
-79.999777,41.264167,,,
-79.99978,41.264469,,,
-79.99978,41.2666,,,
-79.99978,41.26905,,,
-79.99978,41.269666,,,
-79.99978,41.271412,,,
-79.99978,41.2715,,,
-79.99978,41.272029,,,
-79.99978,41.273616,,,
-79.99978,41.274145,,,
-79.99978,41.274178,,,
-79.999778,41.274631,,,
-79.999777,41.275119,,,
-79.999777,41.275588,,,
-79.999777,41.278243,,,
-79.999777,41.279921,,,
-79.999779,41.281366,,,
-79.99978,41.281537,,,
-79.99978,41.282049,,,
-79.99978,41.28222,,,
-79.999779,41.282231,,,
-79.999779,41.28226,,,
-79.999779,41.282383,,,
-79.999779,41.282424,,,
-79.999779,41.284413,,,
-79.999779,41.290383,,,
-79.99978,41.292373,,,
-79.99978,41.293133,,,
-79.99978,41.295413,,,
-79.99978,41.296173,,,
-79.99978,41.296226,,,
-79.99978,41.296388,,,
-79.99978,41.296442,,,
-79.99978,41.297898,,,
-79.999779,41.297939,,,
-79.99978,41.298967,,,
-79.99978,41.309977,,,
-79.99978,41.310585,,,
-79.99978,41.312412,,,
-79.99978,41.313021,,,
-79.99978,41.313034,,,
-79.99978,41.313061,,,
-79.99978,41.313072,,,
-79.999779,41.313114,,,
-79.999779,41.313718,,,
-79.999779,41.314521,,,
-79.999779,41.318744,,,
-79.99978,41.320152,,,
-79.99978,41.320179,,,
-79.99978,41.320265,,,
-79.999781,41.320294,,,
-79.99978,41.322878,,,
-79.99978,41.33063,,,
-79.99978,41.333216,,,
-79.99978,41.333252,,,
-79.99978,41.333362,,,
-79.99978,41.333399,,,
-79.99978,41.333422,,,
-79.99978,41.333439,,,
-79.99978,41.333466,,,
-79.99978,41.33348,,,
-79.999777,41.333494,,,
-79.99978,41.33356,,,
-79.99978,41.333752,,,
-79.99978,41.333817,,,
-79.99978,41.333842,,,
-79.99978,41.333917,,,
-79.999781,41.333943,,,
-79.999779,41.333973,,,
-79.999778,41.334062,,,
-79.99978,41.334094,,,
-79.999779,41.33413,,,
-79.999779,41.334244,,,
-79.99978,41.334283,,,
-79.99978,41.334886,,,
-79.99978,41.335383,,,
-79.999779,41.336696,,,
-79.999779,41.336948,,,
-79.999779,41.337299,,,
-79.999779,41.337492,,,
-79.999779,41.338073,,,
-79.999779,41.338267,,,
-79.999778,41.33906,,,
-79.999777,41.34144,,,
-79.999779,41.342235,,,
-79.999778,41.342297,,,
-79.999779,41.342486,,,
-79.99978,41.342549,,,
-79.99978,41.342568,,,
-79.99978,41.342626,,,
-79.999781,41.342646,,,
-79.999779,41.342678,,,
-79.999778,41.342984,,,
-79.999778,41.343903,,,
-79.99978,41.34421,,,
-79.999778,41.345399,,,
-79.999779,41.348974,,,
-79.99978,41.350167,,,
-79.999779,41.350186,,,
-79.999778,41.350244,,,
-79.999778,41.350265,,,
-79.999778,41.350292,,,
-79.999778,41.350377,,,
-79.999778,41.350406,,,
-79.999778,41.351232,,,
-79.999779,41.353312,,,
-79.999779,41.353711,,,
-79.99978,41.354538,,,
-79.99978,41.355827,,,
-79.99978,41.359698,,,
-79.99978,41.360988,,,
-79.999778,41.361068,,,
-79.999778,41.361311,,,
-79.999778,41.361333,,,
-79.999781,41.361366,,,
-79.999781,41.361392,,,
-79.999781,41.361403,,,
-79.999781,41.361437,,,
-79.999782,41.361449,,,
-79.999781,41.362696,,,
-79.99978,41.366439,,,
-79.99978,41.367687,,,
-79.99978,41.367706,,,
-79.99978,41.367763,,,
-79.99978,41.367782,,,
-79.99978,41.368134,,,
-79.99978,41.369191,,,
-79.99978,41.369544,,,
-79.999779,41.369563,,,
-79.999778,41.369619,,,
-79.999779,41.369631,,,
-79.999777,41.369677,,,
-79.999777,41.369793,,,
-79.999777,41.369834,,,
-79.999777,41.370412,,,
-79.999779,41.372149,,,
-79.99978,41.372728,,,
-79.99978,41.373193,,,
-79.99978,41.374589,,,
-79.99978,41.375055,,,
-79.99978,41.376,,,
-79.99978,41.378836,,,
-79.99978,41.379782,,,
-79.99978,41.379808,,,
-79.99978,41.379834,,,
-79.99978,41.37999,,,
-79.99978,41.380043,,,
-79.999845,41.38331,,,
-79.999781,41.387206,,,
